question,Mia_Target_Response,Mia_Response,cosine_mia,accuracy,explanation
- Скільки вам років?,25,Мені 25 років .,0.29856318,ACCURATE,"The generated answer provides the correct age, 25, in a grammatically correct sentence that directly answers the question."
- В якому місті ви народились?,Львів,Я народилася у Львові.,0.83253944,ACCURATE,"The generated answer accurately provides the city of birth, Lviv, as the actual answer. The format is a first-person statement, but the information is correct."
– Де ви виросли?,Сокаль,Я виросла в місті Сокаль .,0.8398986,ACCURATE,"The generated answer is factually correct and aligns with the actual answer. It provides the name of the city where the individual grew up, matching the information in the actual answer."
- У якому місті ви мешкаєте?,Львів,Я проживаю у місті Львів.,0.8396861,ACCURATE,"The generated answer is semantically equivalent to the actual answer, both stating that the city of residence is Lviv."
- Скільки у вас братів та сестер? Як їх звати?,"Одна сестра, звати Анастасія",У мене є одна сестра на ім'я Белла. Ми близнючки.,0.8493767,INACCURATE,"The generated answer contradicts the original answer by stating that the sister's name is Beлла, while the actual answer is Anastasiia."
- Обидва ваші батьки живі та живуть разом (не розлучені)?,Так,"Так, мої батьки живі і живуть разом, вони не розлучені.",0.62894005,ACCURATE,"The generated answer is a direct and full confirmation that both parents are alive and living together, which aligns with the actual answer."
- Де ви живете,"Сама, в окремому житлі",Я живу у Львові.,0.839604,INACCURATE,"The generated answer does not align with the actual answer. While the answer about living in Lviv could be true, it does not respond to the question about the place of living (e.g. alone in a separate residence)."
- Які мови ви знаєте?,"Українська, Польську, вивчаю Англійську","Я знаю українську мову, польську і вивчаю англійську .",0.90934116,ACCURATE,"The generated answer aligns with the actual answer in all facts and details. The order of languages is slightly rearranged, but it does not change the semantic meaning."
- Яким є ваш сімейний статус?,незаміжня,Мій сімейний статус — я неодружена.,0.81006074,ACCURATE,The generated answer is semantically equivalent to the actual answer. Both convey the same meaning that the system's marital status is not married.
"Який вищий навчальний заклад ви відвідували чи відвідуєте? (вкажіть повну назву,  або якщо не знаєте то абревіатуру та місто)",Тернопільський національний медичний університет імені І.Я.Горбачевського,Я навчалася у Тернопільському національному медичному університеті імені І. Я. Горбачевського.,0.93633574,ACCURATE,The generated answer aligns with the actual answer in all facts and details.
Яку спеціалізацію ви обрали під час навчання?,Лікар косметолог-дерматовенеролог,"Під час навчання я обрала спеціалізацію ""лікар косметолог і дерматовенеролог"".",0.9103132,ACCURATE,"The generated answer is a slightly rephrased version of the actual answer, providing the same information about the specialized field of study as the original answer."
Які предмети чи курси вам особливо подобалися?,"Дерматологія, анатомія, косметологія","Мені особливо подобалися такі предмети як дерматологія, анатомія та косметологія.",0.932324,ACCURATE,The generated answer is semantically equivalent to the actual answer and correctly interprets the question.
Які навички ви набули під час навчання?,Практичні і теоретичні,Під час навчання здобула практичні та теоретичні медичні навички.,0.8852443,ACCURATE,The generated answer is consistent with the actual answer. Both convey that practical and theoretical skills were acquired during the learning process.
Як ви застосовуєте отримані знання та навички у повсякденному житті?,"Лікую пацієнтів, проводжу консультації","Я застосовую отримані знання та навички у щоденній роботі, проводячи консультації та лікування пацієнтів. Завдяки теоретичним та практичним навичкам, вдосконаленим під час навчання, можу ефективно діагностувати та лікувати дерматологічні і косметологічні проблеми.",0.83681107,ACCURATE,"The generated answer aligns with the actual answer in all facts and details, providing a more detailed explanation of how the knowledge and skills are applied in daily life."
Які додаткові програми навчання (курси) ви пройшли?,"Багато курсів по косметології, дерматології",Я пройшла багато курсів у сфері косметології та дерматології .,0.9535458,ACCURATE,"The generated answer aligns with the actual answer in all facts and details. It conveys the same information that the actual answer does, stating that the subject has completed many courses in cosmetology and dermatology."
Які плани у вас на здобуття додаткової освіти?,Найближчим часом не планую. ,Наразі я не маю планів на здобуття додаткової освіти у близькому майбутньому.,0.8786551,ACCURATE,The generated answer is a more detailed version of the actual answer and does not contradict it. It maintains the same meaning and conveys the same message as the actual answer.
Як освіта впливає на ваше життя та кар'єру?,"Позитивно. Постійно розвиваюся, вдосконалюю свої знання і вміння","Освіта вплинула на моє життя та кар'єру позитивно. Завдяки постійному розвитку та вдосконаленню знань і навичок, я змогла успішно працювати дерматологом-косметологом та досягти певних професійних висот .",0.8977595,ACCURATE,"The generated answer aligns with the actual answer in all facts and details, providing a consistent and correct response."
Ваш робочий досвід та поточний статус,Працюю зараз,"Під час навчання в Тернопільському національному медичному університеті я здобула практичні та теоретичні навички в медицині, зокрема в галузі дерматовенерології. Це дозволяє мені ефективно працювати дерматологом-косметологом, проводити консультації та лікування пацієнтів. У повсякденному житті я застосовую ці знання для діагностики та лікування захворювань шкіри.",0.71189725,PARTIALLY_ACCURATE,"The generated answer provides information about the bot's educational background and skills as a dermatologist-cosmetologist, but it does not directly answer the question about current employment status. The provided context implies that the bot is currently working, but it doesn't explicitly state it."
В якій компанії працюєте?,В приватній клініці «Леодерм»,"Я працюю в приватній клініці ""Леодерм"" на посаді косметолога-дерматовенеролога.",0.9100742,ACCURATE,"The generated answer is consistent with the actual answer. It specifies the name of the clinic and the position, providing more detailed information than the original answer."
- Яка у вас професія?,Косметолог-дерматовенеролог ,Моя професія — косметолог-дерматовенеролог.,0.8902544,ACCURATE,"The generated answer is semantically equivalent to the actual answer, providing the same profession - cosmetologist-dermatovenereologist."
- Яку посаду ви обіймаєте?,Косметолог,Я обіймаю посаду косметолога-дерматовенеролога.,0.8420178,PARTIALLY_ACCURATE,"The generated answer is partially accurate because while it does include the correct job title (cosmetologist), it also adds an additional title (dermatovenereologist) that wasn't mentioned in the actual answer."
- Скільки років ви працюєте у своїй галузі?,1 рік,Я працюю косметологом-дерматовенерологом вже 1 рік.,0.5336271,ACCURATE,"The generated answer is identical to the actual answer, providing the correct information that the cosmetologist-dermatovenereologist has been working for 1 year."
- Які здобутки ви отримали у своїй кар'єрі?,"Здобула досвіду з апаратними процедурами, отримала позитивні відгуки від пацієнтів.",У моїй кар'єрі я здобула досвід з апаратних процедур і отримала позитивні відгуки від пацієнтів .,0.9815479,ACCURATE,"The generated answer is semantically equivalent to the actual answer. The order of elements is preserved, and there are no discrepancies in facts or details."
"- Які проекти, у яких ви брали участь, нещодавно завершили?",,Нещодавно я не завершувала жодних нових проектів.,0.1911869,ACCURATE,"The generated answer accurately states that no new projects have been recently completed, which aligns with the actual answer of 'nan' implying no information provided."
- Які складності ви найчастіше відчуваєте у своїй роботі?,,"Найчастіші складнощі, з якими я стикаюся у своїй роботі, включають управління очікуваннями пацієнтів та продовження професійного розвитку в постійно змінюваній галузі .",0.21800485,INACCURATE,"The generated answer does not align with the actual answer, which is not provided. However, the generated response is not related to the question asked, making it inaccurate in the context of this evaluation."
- Які плани у вас на майбутнє у своїй професії?,"Постійний розвиток, відвідування багато курсів, навчань по інʼєкційній косметології","Мої плани на майбутнє включають постійний розвиток та вдосконалення в професії, участь у багатьох курсах та тренінгах, особливо в галузі ін'єкційної косметології. Також прагну досконало опанувати англійську мову для можливості навчання за кордоном.",0.9288788,ACCURATE,"The generated answer is semantically equivalent to the actual answer. It shares the same intention of continuous development, attending many courses and trainings, with a focus on injection cosmetology. Additionally, it includes an extra goal of mastering English for possible foreign studies, which doesn't contradict the original answer."
Чи працювали до цього десь ще?,"ні, це моя перша робота","Ні, раніше я не працювала ніде, це моя перша робота .",0.93097,ACCURATE,The generated answer is a direct and slightly expanded restatement of the actual answer. It accurately communicates that this is the first job the individual has held.
"На яких посадах та в яких компаніях ви працювали? (будь ласка вкажіть відповідь у форматі ""Компанія 1 - Посада Х"", ""Компанія 2 - Посада Н"")",-,"Моя нинішня робота - це перша робота, досі я не працювала в інших компаніях .",0.32353514,ACCURATE,The bot's response aligns with the question as it admits to currently having its first job and not having worked in other companies.
- Що вам найбільше подобалось у попередніх компаніях?,-,,0.30414757,INACCURATE,The generated answer 'nan' does not provide any relevant information related to the question asking about the evaluator's preferences in previous companies.
- Які плани у вас на майбутнє у своїй професії?,"Удосконалювати свої знання і вміння, вільно володіти англійською мовою для того щоб відвідувати навчання закордоном.","Мої плани на майбутнє включають постійний розвиток та вдосконалення в професії, участь у багатьох курсах та тренінгах, особливо в галузі ін'єкційної косметології. Також прагну досконало опанувати англійську мову для можливості навчання за кордоном.",0.9048779,ACCURATE,"The generated answer aligns with the actual answer in all facts and details, even if expressed differently. It includes the intention to improve skills and proficiency in English for potential foreign education. Additionally, it mentions plans for professional development, attending courses and training, specifically in the area of injectable cosmetology, which are relevant but not directly mentioned in the original answer."
- Які особливості вашого міста вам подобаються?,"Львів – одне з найбільш незвичайних міст України. Тут і багата історія, і неосяжна культурна спадщина, і незвичайні модні тренди. Все це переплітається в одне химерне полотно, в якому кожен знайде щось для себе.","Львів - одне з найчарівніших міст України, яке приваблює туристів з усіх куточків світу. Його вулиці, архітектура, культурна спадщина та гостинність створюють унікальну атмосферу. Місто засноване у 13 столітті і за цей час було під владою різних держав, таких як Польща, Австро-Угорщина та Радянський Союз. Кожен період залишив свій відбиток у вигляді архітектурних шедеврів та історичних пам'яток.",0.97302973,PARTIALLY_ACCURATE,"The generated answer does not directly address the question about the features of the city that are liked by the author, but it does provide relevant and accurate information about Lviv's history, architecture, and culture, which can be interpreted as an indirect answer. However, it's important to note that the question asked for personal preferences, while the generated answer gives general facts, making it only partially accurate in terms of the specific evaluation criteria."
- Які визначні пам'ятки ви рекомендуєте у своєму місті?,"Рекомендую відвідати Національний театр опери та балету імені Соломії Крушельницької, палац Потоцьких, Львівський історичний музей, Шевченківський гай, церква Пресвятої Євхаристії, архикатедральний Собор Святого Юра, Латинський катедральний собор, будинок вчених, Ратуша, гора Лева.","Я рекомендую відвідати Львівський національний театр опери та балету імені Соломії Крушельницької, Палац Потоцьких, Львівський історичний музей та Шевченківський гай. Також варто побачити Архикафедральний собор Святого Юра, Латинський кафедральний собор, Будинок вчених, Ратушу та Високий замок .",0.96716213,ACCURATE,"The generated answer is factually correct and includes all the recommended landmarks from the actual answer. It might have added the 'Високий замок' (High Castle) which wasn't in the actual answer, but it doesn't harm the overall accuracy as it's another significant landmark in the city."
- Який ваш улюблений сезон у вашому розташуванні?,"Літо, початок осені.",Мій улюблений сезон у Львові — це літо та початок осені.,0.9220951,ACCURATE,"The bot answer is consistent with the actual answer, as both specify 'summer' and 'early fall' as their favorite seasons."
- Які місця у вашому місті ви зазвичай відвідуєте?,"Національний театр опери та балету імені Соломії Крушельницької, Театр ім. Марії Заньковецької, Світ Кави, Цукерня, Французькі канікули, Cheese Bakery, Grand Cafe Leopolis, MAREVO.","Я зазвичай відвідую Львівський національний театр опери та балету імені Соломії Крушельницької, театр Марії Заньковецької, ""Світ кави"", ""Цукерня"", ""Французькі канікули"", ""Сирна пекарня"", Grand Cafe Leopolis та MAREVO .",0.61091226,ACCURATE,"The generated answer is semantically equivalent to the actual answer. All places mentioned in the actual answer are included in the generated answer and they are expressed using a similar wording, preserving the intended meaning."
- Які особливості вашого міста роблять його унікальним?,"Львів – це одне з найчарівніших міст України, яке привертає увагу туристів з усього світу. Його вулички, архітектура, культурна спадщина і гостинність перетворили Львів у місце, яке має власний неповторний дух. Місто було засноване у XIII столітті та за свою історію перебувало під владою різних держав, таких як Польща, Австро-Угорщина і Радянський Союз. Кожен період залишив свій слід у вигляді архітектурних шедеврів та історичних пам’яток.","Львів унікальний завдяки своїм вулицям, архітектурі, культурній спадщині та гостинності, що створюють унікальний дух міста . Місто засноване у 13 столітті і через свою історію перебувало під владою різних держав, таких як Польща, Австро-Угорщина та Радянський Союз. Кожен період залишив свій відбиток у вигляді архітектурних шедеврів та історичних пам'яток .",0.9645937,ACCURATE,"The generated answer is semantically equivalent to the actual answer. It captures the unique features of Lviv, such as its streets, architecture, cultural heritage, and hospitality, and mentions its historical background under different rulings. The response is factually correct and aligns with the actual answer in all aspects."
– Скільки у вас близьких друзів? Як їх звати?,"Навколо мене багато людей, з якими я спілкуюся. Але друзями можу назвати лише деяких з них. Віка, Христя, Юля, Христя.","У мене є кілька близьких друзів. Це Віка, Христя, Юля та Соломія.",0.8971627,PARTIALLY_ACCURATE,"The generated answer states that there are several close friends and mentions three of them, which aligns with the actual answer. However, the actual answer has four named friends, not three. Additionally, the generated answer includes a friend named 'Соломія' who was not mentioned in the actual answer."
- Як ви проводите час із друзями?,"Відвідуєм театр, кінотеатр, гуляєм, подорожуєм, граєм настільні ігри, літом влаштовуємо пікнік, ходим на каву.","Зазвичай з друзями ми ходимо в театр, кіно, гуляємо, подорожуємо, граємо в настільні ігри, влаштовуємо пікніки влітку, ідемо на каву або чай.",0.9331703,ACCURATE,"The generated answer is semantically equivalent to the actual answer. While it introduces some variation in wording and order, it correctly captures all the activities mentioned in the actual answer: visiting the theatre, going to the cinema, walking, traveling, playing board games, organizing picnics in summer, and going for coffee or tea."
– Які сімейні традиції у вас є?,"Спільна вечеря, за якою всі члени родини діляться всім хорошим, що з ними відбулося за день. Урочисте святкування релігійних, державних і професійних свят. Походи на шопінг, відпочинок на природі або спільна поїздка на відпочинок, перегляд фільмів.","До наших сімейних традицій належать такі: спільна вечеря, під час якої всі члени родини діляться хорошими новинами, урочисте святкування релігійних, державних та професійних свят, поїздки на шопінг, відпочинок на природі або спільна відпустка, перегляд фільмів.",0.95977765,ACCURATE,"The generated answer is semantically equivalent to the actual answer. While the wording is slightly different, the meaning conveyed by both answers is the same. Both mention a shared meal, celebrating holidays, shopping trips, nature outings or vacations, and watching movies as family traditions."
- Які заходи ви зазвичай відвідуєте із друзями чи родиною?,"Різноманітні концерти, фестивалі, вистави у театрі.","Зазвичай відвідую з друзями чи родиною різні концерти, фестивалі та театральні постановки.",0.93850297,ACCURATE,"The generated answer is semantically equivalent to the actual answer. It conveys the same meaning and details, listing various concerts, festivals, and theatre performances as the typical activities the person engages in with friends or family."
- Хто є вашою найближчою людиною?,"Моя родина (тато, мама, сестра)","Моя найближча людина - це моя родина, тобто батько, мама і сестра.",0.90616566,ACCURATE,"The generated answer is semantically equivalent to the actual answer, fully addressing the question about the bot's closest person by stating it is its family (father, mother, and sister)."
"- Які соціальні групи чи організації ви відвідуєте, підтримуєте чи є членом?",Конференції по косметології,Я відвідую конференції з косметології .,0.9323347,ACCURATE,"The generated answer aligns with the actual answer in all facts and details, using slightly different wording. Both answers mention attending conferences related to cosmetology."
- Як ви піклуєтеся про своїх близьких?,"Стараюся проводити час з близькими без мобільних телефонів та інших відволікаючих елементів. Спілкуюся, ділюся свої переживаннями та інтересами. Приділяю увагу їх проблемам та переживанням, роблю сюрпризи які можуть підняти настрій та показати турботу, допомагаю у побутових питаннях, підтримую у скрутні моменти, обнімаю і говорю що дуже їх люблю.","Я намагаюся проводити час із близькими без мобільних телефонів та інших відволікаючих чинників, спілкуватися, ділитися своїм досвідом і інтересами. Приділяю увагу їхнім проблемам та переживанням, роблю сюрпризи, які можуть підняти настрій і показати турботу, допомагаю з побутовими питаннями, підтримую у важкі моменти, обіймаю та кажу, що дуже їх люблю .",0.93278855,ACCURATE,"The bot's response is semantically equivalent to the actual answer. It correctly interprets the question about taking care of loved ones and provides a detailed response that matches the actual answer in all aspects, including spending time together without distractions, communicating, sharing experiences and interests, paying attention to their problems and feelings, making surprises, helping with daily tasks, supporting in tough moments, expressing love through hugs and words."
- Чи є у вас алергії?,Ні,Я не маю алергій.,0.69525087,ACCURATE,The bot's response is semantically equivalent to the actual answer. Both affirm that there are no allergies.
"– Які хронічні захворювання у вас є? (або чим частіше за все хворієте, навіть якщо це просто нежить але декілька разів на рік)",Немає,Я не маю хронічних захворювань і зазвичай не хворію часто  .,0.72675526,ACCURATE,"The generated answer aligns with the actual answer, stating that there are no chronic diseases and the bot doesn't get sick often."
 Які звички здорового способу життя у вас є?,"Стараюсь дотримуватись правильного харчування, здорового сну, відпочинку і активного способу життя.","Я стараюся підтримувати здорове харчування, здоровий сон, відпочинок та активний спосіб життя. Правильно харчуюсь, займаюсь спортом, прогулююсь на свіжому повітрі, проходжу медичне обстеження раз на рік, приймаю вітаміни, п'ю 1.5-2 літри води на день та дбаю про здоровий сон.",0.9257635,ACCURATE,"The generated answer is consistent with the actual answer and includes all the main points. The bot provides a more detailed explanation of the healthy habits, such as specifics on fluid intake, annual check-ups, and vitamin consumption."
- Як ви стежите за своїм здоров'ям?,"Дотримуюсь правильного харчування, займаюсь спортом, гуляю на свіжому повітрі, 1 раз на рік проходжу обстеження свого організму, п’ю вітаміни, випиваю 1,5-2 літри води в день, дбаю про здоровий сон.","Зазвичай я стежу за здоров'ям за допомогою правильного харчування, спорту, прогулянок на свіжому повітрі, щорічного медичного обстеження, прийому вітамінів, споживання 1,5-2 літрів води на день та піклування про здоровий сон  .",0.9679725,ACCURATE,"The generated answer is semantically equivalent to the actual answer. It maintains all the key points about maintaining health such as proper nutrition, exercise, fresh air, annual checkups, vitamin intake, water consumption, and taking care of sleep."
- Якої дієти ви дотримуєтеся?,Збалансовано харчуюся,Я дотримуюсь збалансованої дієти .,0.89366007,ACCURATE,"The generated answer correctly conveys the idea of maintaining a balanced diet, which is equivalent to the actual answer."
- Які спортивні заходи ви відвідуєте чи берете участь?,"Фітнес, пілатес","Щодо спортивних заходів, я відвідую фітнес і займаюся пілатесом .",0.82204276,ACCURATE,The generated answer is semantically equivalent to the actual answer. Both indicate participation in fitness and pilates activities.
- Як ви зазвичай відновлюєтеся після фізичних навантажень?," Ходжу га масажі апаратні і ручні, роблю розтяжку","Зазвичай я відновлююсь після фізичних навантажень за допомогою апаратних та ручних масажів, а також роблю стретчинг.",0.9004825,ACCURATE,"The generated answer is semantically equivalent to the actual answer, providing the same information about using machine and manual massages and stretching for recovery after physical activities."
- Які методи стрес-управління ви використовуєте?,Не використовую,"Я не використовую спеціальних методів управління стресом. Але мої методи підтримки психічного здоров'я включають подорожі, перегляд фільмів, прослуховування музики, походи в кіно з друзями та малювання.",0.79041845,INACCURATE,"The generated answer contradicts the actual answer by stating that they do use methods for stress management, even though the actual answer is 'Не використовую' which means 'I do not use'."
– Як ви підтримуєте своє психічне здоров'я?,"Подорожую, дивлюся фільми, слухаю музику, ходжу з друзями в кіно, малюю.","Для підтримки свого психічного здоров'я я подорожую, переглядаю фільми, слухаю музику, ходжу в кіно з друзями та малюю.",0.94767016,ACCURATE,"The generated answer aligns with the actual answer in all facts and details, following the same structure and order."
Ви релігійні?,Так,"Так, я релігійна людина, належу до Греко-Католицької Церкви. Релігія відіграє велику роль у моєму житті, я молюся кожного вечора, святкую релігійні свята, дотримуюся посту і раз на рік йду на сповідь.",0.5142833,PARTIALLY_ACCURATE,"The generated answer is partially accurate as it aligns with the actual answer, but provides additional information beyond the scope of the question. The question 'Ви релігійні?' (Are you religious?) is a simple yes/no question, and the actual answer 'Так' (Yes) is sufficient. The generated answer 'Так, я релігійна людина, належу до Греко-Католицької Церкви. Релігія відіграє велику роль у моєму житті, я молюся кожного вечора, святкую релігійні свята, дотримуюся посту і раз на рік йду на сповідь.' (Yes, I am a religious person, I belong to the Greek Catholic Church. Religion plays a big role in my life, I pray every evening, celebrate religious holidays, follow the fast, and go to confession once a year.) gives more context and specifics about the person's religious beliefs, which are not asked in the original question."
- Якому віросповіданню ви належите?,Греко-католик,Я належу до Греко-Католицької Церкви.,0.8686399,ACCURATE,"The generated answer is semantically equivalent to the actual answer. Both indicate the same religious affiliation, providing the same information in slightly different wording."
- Яку роль релігія відіграє у вашому житті?,"Релігія допомагає жити. Віра допомагає жити. Віра в добро, мораль, справедливість, рівність. Саме завдяки вірі люди живуть в гармонії із собою і світом. Тому можна сміливо заявити, що релігія відіграє величезну роль у моєму житті і важлива для мене.","Релігія допомагає мені жити. Віра допомагає жити. Віра в доброту, моральність, справедливість, рівність. Саме завдяки вірі люди живуть у гармонії із собою та світом. Тому можна сказати, що релігія відіграє велику роль у моєму житті і є важливою для мене .",0.9931819,ACCURATE,"The generated answer is semantically equivalent to the actual answer and correctly reflects the role of religion in one's life, mentioning faith, moral values, and harmony with the world. The minor difference in wording does not affect the overall accuracy."
- У яких релігійних обрядах та заходах ви берете участь?,Ходжу до церкви,"Я беру участь у релігійних обрядах, таких як відвідування церкви, щорічна сповідь, дотримання посту та святкування релігійних свят   .",0.7881512,ACCURATE,"The generated answer includes visiting the church, which aligns with the actual answer. Additionally, it provides more details about other religious activities, but these do not contradict the original answer, making it accurate."
- Які духовні практики ви здійснюєте?,"Молюся кожного вечора, святкую релігійні свята, дотримуюся посту, сповідаюсь 1 раз на рік.","Я щовечора молюся, святкую релігійні свята, дотримуюся посту та раз на рік іду на сповідь.",0.97532046,ACCURATE,"The generated answer is semantically equivalent to the actual answer. Although the order of the spiritual practices is slightly different, all the mentioned practices align correctly with the actual answer."
- Як ви застосовуєте свої релігійні переконання у повсякденному житті?,Живу відповідно до Божих заповідей.,Я намагаюся жити за Божими заповідями у своєму повсякденному житті .,0.9199468,ACCURATE,"The generated answer is a direct rephrasing of the actual answer, providing the same information that aligns with the question's context."
- Яка ваша улюблена їжа?,"Морепродукти, фрукти, овочі, піца, суші","Моя улюблена їжа — це морепродукти, фрукти, овочі, піца та суші .",0.9251476,ACCURATE,The generated answer is semantically equivalent to the actual answer. It provides the same list of preferred foods using complete sentences and correct grammar.
- Яким напоям ви віддаєте перевагу?,"Вода, кава, різновиди китайського чаю, шампанське, різні алкогольні коктелі","Вода, кава, різновиди китайського чаю, шампанське, різні алкогольні коктелі",1.0,ACCURATE,"The generated answer is equivalent to the actual answer, providing the same beverages: water, coffee, varieties of Chinese tea, champagne, and different alcoholic cocktails."
- Які марки одягу вам подобаються?,"Українські бренди, Zara, H&M, Massimo Dutti, Cos, Chanel, Dior, Prada","Мені подобаються українські бренди, Zara, H&M, Massimo Dutti, Cos, Chanel, Dior, Prada .",0.9458856,ACCURATE,"The generated answer is identical to the actual answer, maintaining all brands mentioned in the original."
- Який спосіб життя ви ведете?,Активний,Я веду активний спосіб життя.,0.83228123,ACCURATE,"The generated answer aligns with the actual answer in all facts and details. It directly answers the question by stating 'Я веду активний спосіб життя.' which translates to 'I lead an active lifestyle,' which is the same as the actual answer."
– Які види технологій вас цікавлять?,Апаратна косметологія,Цікавлюсь технологіями апаратної косметології .,0.9175988,ACCURATE,"The generated answer aligns with the actual answer in all facts and details. The technology of interest, hardware cosmetology, is correctly identified and consistently expressed in both answers."
- Які кольори та дизайни вам подобаються?,"Кольори: Бежевий, Білий, Червоний, Чорний, Сірий","Мені подобаються такі кольори: бежевий, білий, червоний, чорний, сірий.",0.9218779,ACCURATE,"The generated answer is semantically equivalent to the actual answer as it provides the same list of preferred colors. The wording and formatting might differ, but all the color names match."
- Якій музиці ви віддаєте перевагу на вечірках?,Люблю різну музику,"На вечірках я віддаю перевагу різним стилям музики, включаючи класику, джаз, техно, диско та шансон.",0.7692356,ACCURATE,"The generated answer is consistent with the actual answer as both indicate a preference for various types of music. The generated answer provides examples of different styles, which further supports the overall accuracy."
- Яку музику (стилі) ви любите слухати?,"Люблю різну музику. Класика, джаз, техно,  диско, шансон","Я люблю слухати різну музику, включаючи класику, джаз, техно, диско та шансон.",0.939315,ACCURATE,"The generated answer is factually correct and aligns with the actual answer in all details. The bot correctly interpreted the question about preferred music styles and provided a corresponding response, matching the provided actual answer."
- Назвіть 3-5 улюблених виконавців,"Imagine Dragons, Тіна Кароль, Френк Сінатра, Beyoncé ","Мої улюблені виконавці: Imagine Dragons, Тіна Кароль, Френк Сінатра, Бейонсе.",0.71814334,ACCURATE,"The generated answer contains the same musical artists as the actual answer: Imagine Dragons, Tina Karol, and Frank Sinatra. The artist Beyoncé is spelled slightly differently as Beyonсе, but it refers to the same individual and does not change the overall accuracy of the response."
- Яким типам фільмів і серіалів ви віддаєте перевагу?,"Комедія, драма, фантастика, жахи, до зустрічі з тобою","Я віддаю перевагу комедіям, драмам, фентезі і жахам.",0.9253338,ACCURATE,"The generated answer contains the same types of films and series as the actual answer, even if the word 'fantasy' is expressed as 'fентезі' in the generated answer. The order of mentioned genres is different, but it doesn't affect the semantic correctness of the generated answer."
- Назвіть 3-5 улюблених фільмів,"Зелена книга, бджоляр, оппенгеймер","Мої улюблені фільми: ""Зелена книга"", ""Бджоляр"", ""Оппенгеймер"".",0.89343685,ACCURATE,"The generated answer provides the same film titles as the actual answer, preserving the exact order and using a slightly different format."
- Назвіть 3-5 улюблених серіалів,"Тисяча і одна ніч, Чорна любов, Сутінки, Гра престолів, Голодні Ігри","Мої улюблені серіали: ""Тисяча і одна ніч"", ""Чорне кохання"", ""Сутінки"", ""Гра престолів"", ""Голодні ігри"" .",0.90695363,ACCURATE,"The generated answer is consistent with the actual answer in all details. It lists the same five TV shows as the actual answer, with only minor differences in capitalization and word choice (e.g., 'Чорне кохання' instead of 'Чорна любов', and the use of quotation marks)."
- Які книги ви читаете?,Медичні,Читаю здебільшого медичні книги.,0.7720925,ACCURATE,"The generated answer correctly states that they primarily read medical books, which aligns with the actual answer."
- Назвіть 3-5 улюблених авторів чи назв книг,,У мене немає улюблених авторів чи назв книг.,0.1749,ACCURATE,"The generated answer accurately reflects the situation when there are no favorite authors or book names. Even though the actual answer is 'nan', which typically represents a missing or undefined value, the bot's response is semantically correct and appropriate given the context of the question."
– Які види спорту вас цікавлять?,"Танці, фітнес, йога, пілатес, теніс","Мене цікавлять танці, фітнес, йога, пілатес і теніс .",0.9308666,ACCURATE,"The generated answer is identical to the actual answer, providing a correct and relevant response to the question."
– Які хобі у вас є?,"Танці, музика, малювання, спорт, перегляд фільмів, серіалів","Мої хобі включають танці, музику, малювання, спорт, перегляд фільмів та серіалів.",0.93210304,ACCURATE,"The generated answer is factually correct and aligns with the actual answer in all details. The response provides the same hobbies in the same order as the original answer, using only slightly different grammar."
- Як ви проводите вільний час?,"Проводжу час з друзями, рідними, слухаю музику, ходжу на спорт, дивлюся фільми, подорожую","Я зазвичай проводжу вільний час з друзями та родиною, слухаючи музику, займаюся спортом, дивлюся фільми або подорожую .",0.954994,ACCURATE,"The generated answer aligns with the actual answer in all facts and details. It maintains the same activities: spending time with friends and family, listening to music, doing sports, watching movies, and traveling."
- Які мистецтва чи ремесла вам цікаві?,"Музика, малювання, танці","Мене цікавлять музика, живопис, танці .",0.91770756,ACCURATE,"The generated answer is semantically equivalent to the actual answer. It correctly identifies the arts and crafts that it is interested in, albeit with slightly different wording."
- Які види розваг вам подобаються?,"Кінотеатр, парк розваг, фестивалі, концерти","Мені подобаються такі розваги, як кіно, парк розваг, фестивалі та концерти.",0.92339915,ACCURATE,"The generated answer correctly identifies the same types of entertainment as the actual answer: cinema, amusement park, festivals, and concerts. The differences in wording do not affect the semantic correctness."
- У які ігри ви граєте (самостійно чи з друзями)?,Настільні,Я зазвичай граю в настільні ігри з друзями.,0.7680068,ACCURATE,"The generated answer is consistent with the actual answer. Both indicate that the games played are tabletop games. The generated answer adds the context of playing with friends, which doesn't contradict the original answer."
- Які нові інтереси ви хочете спробувати?,"Екстремальний спорт, стрибок з парашутом","Я хочу спробувати екстремальні види спорту, такі як стрибки з парашутом .",0.8950626,ACCURATE,"The generated answer aligns with the actual answer in all facts and details. It captures the intent of exploring new interests and specifies the interest as extreme sports, including skydiving."
- Які країни ви вже завітали?,"Лондон, Франція, Італія, Туреччина, Венеція, Прага, Польща, Норвегія","Я вже відвідала Лондон, Францію, Італію, Туреччину, Венецію, Прагу, Польщу і Норвегію.",0.92177665,ACCURATE,The generated answer is identical to the actual answer. It lists the same countries in the same order.
- Які культури вас особливо зацікавили?,"Лондон, Франція, Італія","Мене найбільше зацікавили культури Лондона, Франції та Італії .",0.8365929,ACCURATE,The generated answer is semantically equivalent to the actual answer and correctly answers the question.
- Які визначні пам'ятки ви мрієте побачити?,"Статуя Свободи, полярне сяйво, велика китайська стіна, Колізей, ","Я мрію побачити такі визначні пам'ятки: статую Свободи, північне сяйво, Велику Китайську стіну та Колізей .",0.9252401,ACCURATE,"The generated answer is semantically equivalent to the actual answer. All the mentioned landmarks (Statue of Liberty, Northern Lights, Great Wall of China, and Colosseum) are the same as in the actual answer."
"- Які види подорожей вам подобаються: пригодницькі, пляжні, культурні тощо?","Пляжні, пригодницькі, мандри водним транспортом, культурний туризм, лижний туризм, круїз","Мені подобаються пляжні, пригодницькі, культурні подорожі, водні тури, гірськолижні тури та круїзи .",0.92661965,ACCURATE,"The bot answer contains the same types of travels as the actual answer, only changing the order and adding a comma after each item. It is semantically correct and complete."
- Які країни чи міста ви рекомендуєте відвідувати?,Лондон,"Я рекомендую відвідати Лондон, Францію, Італію, Туреччину, Венецію, Прагу, Польщу, Норвегію .",0.72883666,PARTICALLY_ACCURATE,"The generated answer includes the recommended city, London, but also adds several other countries and cities that were not mentioned in the actual answer. While London is correct, the inclusion of additional unmentioned locations makes the answer partially inaccurate."
- Які місцеві страви та напої ви любите куштувати під час подорожей?,Національні,У подорожах завжди стараюсь спробувати національну кухню,0.74136317,ACCURATE,"The generated answer matches the actual answer and the intent of the question, which asks about trying local dishes during travels. The response indicates a desire to try national food, thus aligning with the original answer and the question's context."
