question,Mike_Target_Response,Mike_Response,cosine_mike,accuracy,explanation
- Скільки вам років?,32,Мені 32 роки. Як щодо вас?,0.14732853,ACCURATE,"The generated answer provides the correct age (32 years), which is in line with the actual answer. Additionally, it goes beyond merely providing the age by engaging in conversation, asking about the user's age."
- В якому місті ви народились?,місті Долина Івано-Франківської області.,Я народився у місті Дрогобич. А ви де народилися?,0.81572074,INACCURATE,"The generated answer is inaccurate as it states the evaluator was born in Drogobych, which contradicts the actual answer that they were born in the city of Dolyna, Ivan-Frankivsk region."
– Де ви виросли?,"Загалом я виріс у місті Долина Івано-Франківської області на квартирі. В дитинстві, особливо влітку, я часто їздив в гості до бабусі та дідуся як з маминої, так і з татаової сторони. Вони проживали в селі. Мамині батьки - у селі Станківці Долинського району, а татові - у селі Нижня Луковиця Стрийського району.З маминої сторони моя бабуся з дідом завжди забороняли мені все: не міг я піти на річку чи в клуб на дискотеку. Навпаки, з тата батьки бабусі з дідом підтримували і дозволяли мені ходити на річку та на дискотеку. Тому я завжди любив відвідувати татаових батьків, де мені дозволяли робити те, що хотів.",Я виріс у Дрогобичі. А де саме виросли ви?,0.84658545,INACCURATE,"The generated answer contradicts the actual answer as it states that the person grew up in Drogobych, while the actual answer clearly mentions that the person grew up in a city apartment in Dolyna, Ivano-Frankivsk region and often visited their grandparents in two different villages from both sides of their parents."
- У якому місті ви мешкаєте?,Львів,Я зараз живу у місті Львів. А ви де проживаєте?,0.74599266,ACCURATE,"The generated answer is factually correct and aligns with the actual answer. It provides the same detail about the city of residence, which is Lviv, and adds a relevant question to engage in conversation."
- Скільки у вас братів та сестер? Як їх звати?,В мене одна старша сестра. Звати її Марія я відношусь до неї з повагою. ,"У мене немає братів чи сестер, я єдиний дитина у сім'ї. А в вашій родині як?",0.9406404,INACCURATE,"The generated answer is inaccurate as it contradicts the actual answer. The question asks about the number of siblings and their names, to which the actual answer states that there is one older sister named Maria. However, the generated answer states that there are no brothers or sisters, implying that the AI is an only child."
- Обидва ваші батьки живі та живуть разом (не розлучені)?,Так,"Так, обидва мої батьки живі і вони не розлучені. А як у вас?",0.6454835,ACCURATE,The generated answer is consistent with the actual answer and provides additional information which reinforces its correctness.
- Де ви живете,"Сама, в окремому житлі",Я зараз живу у місті Львів.,0.8691226,INACCURATE,"The generated answer does not align with the actual answer. While it provides a location, it doesn't specify that the person lives alone in a separate dwelling."
- Які мови ви знаєте?,вивчаю англійську в дуолінго протягом року,Я знаю українську та японську мови. Також розмовляю англійською. А які мови ви знаєте?,0.876942,PARTIALLY_ACCURATE,"The generated answer correctly identifies that the user knows English, as stated in the actual answer. However, it also adds information about knowing Ukrainian and Japanese, which is not mentioned in the actual answer. The actual answer only mentions studying English in Duolingo for a year."
- Яким є ваш сімейний статус?,незаміжня,"Я не одружений. А ви, у вас є сім'я?",0.75645185,PARTIALLY_ACCURATE,"The generated answer is partially accurate because while it does convey the same meaning as the actual answer (not married), it does so using different terminology. However, the response also includes an additional question which is irrelevant to the original question asked."
"Який вищий навчальний заклад ви відвідували чи відвідуєте? (вкажіть повну назву,  або якщо не знаєте то абревіатуру та місто)",Навчально-науковий юридичний інститут Прикарпатського національного університету імені Василя Стефаника,Я закінчив Львівський Національний Університет імені Івана Франка. А де ви навчалися?,0.93343824,INACCURATE,"The generated answer is not accurate as it does not align with the actual answer. The user states that they attended the 'Навчально-науковий юридичний інститут Прикарпатського національного університету імені Василя Стефаника', but the bot claims the user attended 'Львівський Національний Університет імені Івана Франка'."
Яку спеціалізацію ви обрали під час навчання?,Правознавство,Я спеціалізувався у галузі права. А яка ваша спеціалізація чи сфера діяльності?,0.7976106,ACCURATE,"The generated answer correctly indicates that the specialized field of study was law ( Правознавство ), even though it is expressed differently. The follow-up question does not affect the accuracy of the original answer."
Які предмети чи курси вам особливо подобалися?,"Я був любимчиком серед викладачів, оскільки мені завжди подобалося вчитися. Особливий інтерес я виявляв до вивчення цивільного процесу, кримінального процесу та адміністративного процесу.",Мені найбільше подобалися курси кримінального права та процесу. Це дуже цікаво і корисно для моєї роботи. А які предмети подобаються вам?,0.93380713,PARTIALLY_ACCURATE,"The generated answer correctly identifies that the actual answer has an interest in legal courses, specifically mentioning criminal law and process. However, it fails to acknowledge the other mentioned subjects (civil and administrative process) and exaggerates the interest by calling them the 'most favorite' subjects."
Які навички ви набули під час навчання?,"Під час навчання я здобув низку цінних навичок. Мої знання в області права дозволяють мені розуміти, як воно функціонує та які нюанси можуть виникати у практиці. Я вмію ефективно проводити дослідження і знаю, де знаходити необхідні правові аспекти, які цікавлять мене. Крім того, я володію навичками аналізу, співставлення і узагальнення інформації, що дозволяє мені робити обґрунтовані висновки",Мені вдалося розвинути аналітичні навички та уміння працювати з різноманітними людьми. Це згодом стало в нагоді в моїй роботі детектива. А ви набули якихось особливих навичок під час навчання?,0.95272243,PARTIALLY_ACCURATE,"The generated answer correctly identifies that the person has acquired skills during their education, but it adds the claim of working as a detective, which contradicts the original answer. However, it does mention analytical skills which are mentioned in the actual answer."
Як ви застосовуєте отримані знання та навички у повсякденному житті?,"У повсякденному житті ці навички мають велике значення, оскільки вони дозволяють розуміти процес створення законів і момент їхнього набуття юридичної сили.","Мої знання та навички дуже важливі для моєї роботи. Аналітичні навички дозволяють мені ефективно розслідувати злочини, а уміння спілкуватися і розуміти людей допомагають у роботі зі свідками і підозрюваними. Щодня використовую ці навички, щоб забезпечити справедливість. А ви як застосовуєте свої знання?",0.9667584,PARTIALLY_ACCURATE,"The generated answer does not align with the actual answer, but it does not contradict it either. The question asks about the application of knowledge and skills in daily life, and the bot's response talks about its own use of analytical and communication skills in its work as a detective. The bot does ask a relevant question back to the user, but it does not directly address the specific example given in the actual answer about understanding the process of creating and implementing laws."
Які додаткові програми навчання (курси) ви пройшли?,"У шкільні роки я успішно пройшов курси оператора комп'ютерного набору, а в університетські роки активно займався вивченням права, проходячи різні курси з цієї області.","Я не можу згадати конкретні програми додаткового навчання, які б я проходив. Можливо, ви б хотіли знати щось інше?",0.90806246,INACCURATE,"The generated answer does not align with the actual answer in any facts or details. It states that the speaker cannot remember any additional training programs, while the actual answer mentions specific courses for computer operator training and law studies."
Які плани у вас на здобуття додаткової освіти?,я хотів би здобути освіту в сфері фінансів,Наразі я не маю конкретних планів щодо отримання додаткової освіти. Я фокусуюсь на своєму професійному розвитку й роботі. А у вас є плани на навчання?,0.866114,INACCURATE,The generated answer contradicts the actual answer by stating that there are no current plans for additional education. The actual answer indicates a desire to obtain education in the field of finance.
Як освіта впливає на ваше життя та кар'єру?,"Я вважаю, що моя освіта була чудовою, завдяки відмінним викладачам, які мене навчали.","Освіта мала великий вплив на мою кар’єру, надавши необхідні знання для роботи в поліції та сприяючи розвитку критичного мислення. Це дало змогу мені досягти успіху у моїй професії та надає мені впевненості у прийнятті рішень на роботі. А як освіта вплинула на ваше життя?",0.91220886,PARTIALLY_ACCURATE,"The generated answer is partially accurate as it does not directly address how education influenced the person's life outside of their career, even though it does touch upon the impact of education on their career. The last sentence in the generated answer seems to invite the user to share about the influence of education on their life, which might be confusing in the context of a pre-written answer."
Ваш робочий досвід та поточний статус,Працюю зараз,"Мій робочий досвід пов'язаний з поліцією та кримінальним розслідуванням. Наразі я працюю детективом. Моя робота включає в себе розслідування складних справ, роботу з свідками та підозрюваними. Мій досвід розвивається кожного дня завдяки викликам, з якими я стикаюся.",0.6955198,INACCURATE,"The generated answer is not accurate as it does not align with the actual answer to the question. The provided question asks about the user's work experience and current status, but the generated response talks about the user's experience being related to police and criminal investigation, being a detective, and describing their job responsibilities. This information is not relevant to the question and seems to be a general description of a detective's role, not the user's specific current status."
В якій компанії працюєте?,ТОВ Енергетична компанія,"Я працюю в поліції, як детектив. Це моя основна робота і я пишаюся тим, що допомагаю підтримувати правопорядок і безпеку у нашому суспільстві.",0.76514214,INACCURATE,"The generated answer does not align with the actual answer. The question asks about the company the person works for, but the generated answer talks about working as a detective in the police. These are two different entities and the generated answer does not provide any information about an energy company."
- Яка у вас професія?,Юрист,Я працюю детективом.,0.7338699,INACCURATE,"The generated answer 'Я працюю детективом' (I work as a detective) does not align with the actual answer 'Юрист' (Lawyer). The two professions are different, making the bot's response incorrect in the provided context."
- Яку посаду ви обіймаєте?,Юрист,Я обіймаю посаду детектива у поліції.,0.6865918,INACCURATE,"The generated answer is not accurate because it contradicts the original answer. The actual answer states that the person holds a lawyer position (юрист), while the generated answer states that they hold a detective position in the police."
- Скільки років ви працюєте у своїй галузі?,5 років 6 місяців,Я працюю детективом уже декілька років. Ця робота вимагає постійного навчання та адаптації.,0.68941027,PARTIALLY_ACCURATE,"The generated answer does not provide a specific duration for the length of work as a detective, but it does confirm that they have been working in this field for several years. The answer also provides additional context about the nature of the work, which is not directly relevant to the question."
- Які здобутки ви отримали у своїй кар'єрі?,"Коли я працював у слідстві, мені вдалося отримати багато відзнак та подяк за мою службу. Зараз я працюю юристом і маю добрі стосунки з керівництвом компанії, де мене цінують","В рамках моєї кар'єри, я досяг успіху у різних розслідуваннях, що принесли позитивні результати та зміцнили мою репутацію як компетентного детектива. Кожне вирішене розслідування, кожен затриманий злочинець для мене є важливим здобутком.",0.95922744,PARTIALLY_ACCURATE,"The generated answer correctly identifies the career accomplishments as being related to investigations, but it does not mention the recognition and awards received, nor does it mention the current position as a lawyer. However, it does not introduce any incorrect information."
"- Які проекти, у яких ви брали участь, нещодавно завершили?","Я виграв судову справу, де вірогідності перемоги не було, але я дійшов до останньої інстанції в суді, де виграв","На жаль, я не можу згадати конкретні недавні проекти. Зазвичай я працюю над розслідуваннями злочинів та іншими завданнями, які входять у мої обов'язки детектива.",0.9124037,INACCURATE,"The generated answer does not align with the actual answer. The question asks about completed projects, but the actual answer talks about winning a court case. However, the generated answer does not relate to either the question or the actual answer. It states that the respondent cannot remember recent projects and typically works on criminal investigations."
- Які складності ви найчастіше відчуваєте у своїй роботі?,"Я люблю генерувати ідеї і я люблю розглядати ситуації з різних точок зору. Я можу уявляти ситуації та розглядати їх позитивні та негативні аспекти. Однак виникають складнощі, коли мої ідеї відхиляються без попередження. Це робить мене розчарованим, оскільки я витрачаю час і зусилля на їх розробку та аналіз.","Складнощі, з якими я часто зустрічаюся в роботі, це пошук достовірної інформації та збір доказів. Це може бути досить складно, особливо з огляду на те, що багато злочинів скоєно хитромудро. Також емоційна сторона роботи може бути важкою, коли ми маємо справу з тяжкими та чутливими випадками.",0.9400166,INACCURATE,"The generated answer does not address the question about personal difficulties in work, instead it describes challenges in detective work such as finding reliable information and dealing with emotional cases."
- Які плани у вас на майбутнє у своїй професії?,Хочу отримати адвокатське посвідчення і зайнятися адвокатською діяльністю,"Я планую продовжити роботу детектива та використовувати мій досвід, щоб допомагати у боротьбі зі злочинністю. Мені хочеться й надалі розвивати свої професійні навички та знання, щоб ставати ще кращим у своїй справі.",0.92362106,INACCURATE,"The generated answer is inaccurate as it does not align with the actual answer. The question asks about future plans in their profession, but the generated answer talks about continuing work as a detective and developing professional skills, which contradicts the actual answer of becoming a lawyer and practicing law."
Чи працювали до цього десь ще?,так,"На жаль, я не можу згадати роботи, які мав до цього. Моя поточна робота детектива дуже важлива для мене. Може бути, вас цікавить щось конкретне стосовно моєї роботи?",0.5439016,PARTIALLY_ACCURATE,"The generated answer does not directly confirm if it had previous jobs, but instead expresses inability to remember any past work. However, the actual answer is 'yes', which contradicts the implication of the generated answer."
"На яких посадах та в яких компаніях ви працювали? (будь ласка вкажіть відповідь у форматі ""Компанія 1 - Посада Х"", ""Компанія 2 - Посада Н"")","Crédit Agricole - менеджер
Сільпо - менеджер
ГУНП в Івано-Франківській обл. - Слідчий СУ
Управлінська компанія Зразкове місто - юрист
Енергетична компанія - юрист","На жаль, я не можу згадати конкретні компанії та посади, на яких я раніше працював, окрім того, що зараз я працюю детективом.",0.43748856,INACCURATE,"The generated answer is inaccurate as it contradicts the actual answer by stating that it cannot remember any previous jobs, while the actual answer provides specific companies and positions."
- Що вам найбільше подобалось у попередніх компаніях?,"З кожного моєї роботи я здобував цінні навички та розуміння процесів у різних сферах. У Crédit Agricole я отримав навички ефективної комунікації з клієнтами та розуміння внутрішніх процесів банківської сфери. Робота в Сільпо дала мені уявлення про організацію роботи з товарами, особливо тих, що швидко псуються, а також процеси виставлення товарів на полиці, що можна вимагати на кожен товар книгу в якій має бути вказано придатність товару,, я навчився визначати терміни придатності товарів, що значно спрощує роботу. Працюючи слідчим, я отримав можливість побачити внутрішню роботу поліції та навчитися ефективно спілкуватися з її працівниками. На управлінській компанії я отримав розуміння процесів нарахування оплати за квартири мешканцям, а також вивчив необхідні документи для взаємодії з комунальними підприємствами","Я не можу згадати специфіку попередніх місць роботи, але загалом, у сфері кримінального розслідування мені завжди подобається можливість допомагати людям та вирішувати складні проблеми. I enjoy teamwork and facing new challenges regularly.",0.68341714,INACCURATE,"The generated answer does not provide any specifics about the previous companies, unlike the actual answer which gives detailed information about the skills and understanding acquired from each company. The generated answer only mentions a general liking for helping people and facing new challenges, which is not directly related to the question about favorite aspects of previous companies."
- Які плани у вас на майбутнє у своїй професії?,,Я планую продовжувати роботу детектива і старатися стати ще більш кваліфікованим у цій сфері. Мене також цікавить використання нових технологій в розслідуваннях.,0.16479935,INACCURATE,"The generated answer is not related to the provided question as it does not mention any future plans in the profession of the user. The actual answer was 'nan', which indicates no answer was provided. The system-generated response seems generic and not tailored to the user's situation."
- Які особливості вашого міста вам подобаються?,"У місті Долина, де я народився, маленька кількість жителів і спокійна атмосфера. Там розкинулися ліси та гори, річка та джерела, які додають особливого шарму цьому місцю. У місті Львові, де я проживаю зараз, збереглася старовинна архітектура, а його розмір значно більший, ніж у моєму рідному місті.","Львів має чудову архітектуру та історичну атмосферу. Мені подобається його культура, заходи та кав'ярні. Це місто має свій унікальний характер, і мені просто подобається тут бути.",0.9337743,PARTIALLY_ACCURATE,"The generated answer is partially accurate as it does not address the specific features of the user's hometown but rather focuses on the aspects they like about their current city, Lviv. However, the generated answer correctly identifies some positive attributes of Lviv such as its architecture, cultural activities, and atmosphere."
- Які визначні пам'ятки ви рекомендуєте у своєму місті?,"У моєму місті в якому я народився м. Долина Івано-Франківської області я б рекомендував такі визначні памятки як Солеварня «Саліна» (м. Долина), Гошівський монастир (с. Гошів) він знаходиться на горі і щоб туди піднятися треба подолати немалий відрізок дороги, Музей Івана Франка (с. Лолин), Урочища Шандра та Цапове розташоване над гірською річкою Свіча з холодною, чистою водою, є хорошим місцем для відпочинку.
А в місті Львові у якому я зараз живу то я б рекомендував такі визначні памятки, як Високий замок, Площа ринок, Львівська національна опера, Домініканський монастир та собор, Міська ратуша, Палац Потоцьких","Я б рекомендував відвідати Площу Ринок, Високий Замок та Львівську Оперу. Це одні з багатьох визначних місць у Львові, які варто бачити.",0.9330071,PARTIALLY_ACCURATE,"The generated answer is partially accurate as it only provides recommendations for Lviv, where the person currently lives, and omits the recommendations for the city of birth, m. Dolyna Ivan-Frankivsk Oblast. However, all given recommendations for Lviv are correct and align with the actual answer."
- Який ваш улюблений сезон у вашому розташуванні?,мій улюблений сезон це літо,Мій улюблений сезон у Львові – осінь. Мені подобається свіже повітря і краса осінніх кольорів у місті.,0.8713899,INACCURATE,"The generated answer is inaccurate because it does not align with the actual answer. The question asks for the bot's favorite season at its location, but the actual answer states that the favorite season is summer (літо). The generated answer, however, states that the favorite season in Lviv is autumn (осінь), which contradicts both the question and the actual answer."
- Які місця у вашому місті ви зазвичай відвідуєте?,у місті Львові я люблю відвідувати Високий замок оскільки там можна подивитися на все місто,"Зазвичай я відвідую історичний центр, люблю прогулятися Площею Ринок чи піднятися на Високий Замок. Також не пропускаю можливість насолодитися кавою в одній із численних кав'ярень.",0.9484359,ACCURATE,"The generated answer is completely accurate as it includes the mentioned place (Високий Замок) and adds more context showing additional knowledge about other popular places in the city (історичний центр, Площа Ринок), which are also relevant to the question."
- Які особливості вашого міста роблять його унікальним?,"Живучи у місті Львові, я став закоханим у його архітектуру, особливо мене привабили австрійські будинки та старовинні архітектурні шедеври і визначні памятки такі як Високий замок, Площа ринок, Львівська національна опера, Домініканський монастир та собор, Міська ратуша, Палац Потоцьких","Львів відрізняється своєю багатою історією та архітектурою, що відображає різні культурні впливи. Вулички міста повні атмосфери, а велика кількість кав'ярень і ресторанів чудово передає гостинність та кулінарну різноманітність Львова. Унікальним є також величезна кількість фестивалів та культурних подій.",0.9078957,PARTIALLY_ACCURATE,"The generated answer does mention the unique aspects of Lviv such as its history, architecture, and cultural events. However, it fails to specify the distinctive Austrian buildings, old architectural masterpieces, and historical landmarks (High Castle, Rynok Square, Lviv Opera, Dominican Monastery and Church, City Hall, Potocki Palace) provided in the actual answer."
– Скільки у вас близьких друзів? Як їх звати?,"Для мене дружба - це не лише слова, а принцип, який я втілюю у життя. Цитата Фрідріха Ніцше з книги ""Так казав Заратустра"" відображає моє ставлення до друзів: ""Коли хочеш мати друга, треба прагнути і війни за нього, а щоб вести війну, треба вміти бути ворогом"". Я готовий захищати своїх друзів у будь-який час і у будь-яких обставинах. Серед моїх близьких друзів - Захар, Микола, Андрій, Василь, Микола.","У мене є декілька близьких друзів, але я не можу згадати їхні імена. Що стосується дружби, для мене важливіша якість, а не кількість.",0.93766695,PARTIALLY_ACCURATE,"The bot correctly acknowledged that it has a few close friends, which aligns with the actual answer. However, it failed to provide their names as requested in the question, and the explanation about quality over quantity, while not inaccurate, does not directly address the question asked."
- Як ви проводите час із друзями?,"Я проводжу час із друзями, обговорюючи прочитані книги, вивчаючи англійську мову та обмінюючись знаннями про криптовалюту.","Ми зазвичай зустрічаємось на чашку кави або під час вечері в ресторані. Я також люблю активний відпочинок, тому іноді ми ходимо на прогулянки чи кататися на велосипедах.",0.93169636,INACCURATE,"The generated answer does not align with the actual answer in any facts or details. It discusses different activities such as meeting for coffee or dinner, and going for walks or bike rides, which are not mentioned in the actual answer."
– Які сімейні традиції у вас є?,Сімейна традиція нашої родини - це збиратися всіма разом.,"Ми дотримуємося різних традицій, таких як сімейні зустрічі на свята, разом готуємо традиційні страви, зокрема на Різдво та Великдень. Також ми цінуємо разом проводити час, особливо на свіжому повітрі, часто ходимо на прогулянки чи в походи.",0.91537553,PARTIALLY_ACCURATE,"The generated answer does provide relevant information about family traditions, such as gathering together for holidays and traditional meals, but it goes beyond the simple and specific tradition given in the actual answer. The answer could be considered partially accurate because it shares some commonalities with the actual answer, but it does not align completely with the provided reference."
- Які заходи ви зазвичай відвідуєте із друзями чи родиною?,З родиною я відзначаю релігійні свята у сімейному колі. З друзями проводжу відпочинкові заходи.,"Ми зазвичай відвідуємо культурні заходи, такі як фестивалі, концерти і виставки. Я також люблю з друзями відвідувати спортивні матчі. Сімейні події часто пов'язані з урочистими святами, коли ми збираємось всією родиною.",0.93607736,PARTIALLY_ACCURATE,"The generated answer does include correct information about visiting cultural events, sports matches with friends and family gatherings for celebrations. However, it contradicts the actual answer by stating they usually visit cultural events and sports matches with friends, while the actual answer suggests recreational activities with friends and religious holidays with family."
- Хто є вашою найближчою людиною?,"Для мене найближчими людьми є моя родина - мама, тато і сестра. Вони завжди підтримують мене і є моїми найважливішими людьми. Після них ідуть мої друзі, з якими я також дуже зв'язаний і на яких можу покластися в будь-яку мить.",Найближча мені людина - це моя мати. Ми завжди підтримуємо один одного та ділимося важливими моментами життя.,0.96067554,PARTIALLY_ACCURATE,"The generated answer correctly identifies the nearest person as the mother, but it fails to mention other family members and friends who are also mentioned in the actual answer. The generated answer is not completely inaccurate because it does identify the closest person correctly, but it lacks the fuller context provided in the actual answer."
"- Які соціальні групи чи організації ви відвідуєте, підтримуєте чи є членом?",Я здійснюю пожертви на допомогу Збройним Силам України,Я активно не беру участі в соціальних групах чи організаціях і не є членом жодної з них. Я зосереджений на своїй професії та близьких людях.,0.9142575,INACCURATE,"The generated answer contradicts the actual answer as it states that the user does not participate in any social groups or organizations, while the actual answer indicates that the user makes donations to the Ukrainian Armed Forces."
- Як ви піклуєтеся про своїх близьких?,"Моя турбота - це вирішення проблем моїх близьких людей, які звертаються до мене за допомогою.","Я дбаю про близьких, спілкуючись з ними регулярно, проводячи час разом і підтримуючи їх у всіх починаннях. Мої батьки завжди можуть на мене розраховувати, як і я на них.",0.9384244,PARTIALLY_ACCURATE,"The generated answer does touch upon the topic of caring for close ones, but it focuses more on maintaining regular contact, spending time together, and supporting their initiatives. The actual answer refers to solving problems for close people and having mutual trust with parents."
- Чи є у вас алергії?,немає,У мене немає алергій.,0.8248043,ACCURATE,"The generated answer provides the same information as the actual answer, using slightly different wording. Both indicate that there are no allergies."
"– Які хронічні захворювання у вас є? (або чим частіше за все хворієте, навіть якщо це просто нежить але декілька разів на рік)",Травмував хребет то зараз його лікую лікувальною фізькультурою,Я не маю хронічних захворювань. Зазвичай я здоровий і намагаюся підтримувати гарний фізичний стан.,0.9015001,INACCURATE,"The generated answer contradicts the actual answer, stating that there are no chronic illnesses, when in fact the person is currently treating a back injury."
 Які звички здорового способу життя у вас є?,"Мої звички здорового способу життя включають ранкову зарядку та стеження за правильним харчуванням - я намагаюся поїсти зранку, в обід і ввечері.","Я підтримую здоровий спосіб життя, що включає регулярні фізичні вправи і збалансоване харчування. Також я уникаю куріння та вживання алкоголю.",0.96685106,PARTIALLY_ACCURATE,"The generated answer does mention a habit of maintaining a healthy lifestyle through regular exercise and balanced nutrition. However, it goes beyond the scope of the question by including information about avoiding smoking and alcohol, which were not mentioned in the actual answer."
- Як ви стежите за своїм здоров'ям?,Я стежу за своїм здоров'ям і стараюся не їсти їжі після 6 вечора,Я стежу за своїм здоров'ям шляхом щоденних фізичних вправ та зберігання збалансованого раціону. Регулярно відвідую лікаря для профілактичних оглядів.,0.9126452,PARTIALLY_ACCURATE,"The generated answer is partially accurate as it aligns with the actual answer in stating that they monitor their health, but it adds information about physical exercise and visiting the doctor regularly, which was not mentioned in the actual answer."
- Якої дієти ви дотримуєтеся?,"Я не дотримуюся звички їсти фастфуд, і намагаюся уникати його, щоб зберегти своє здоров'я.","Я не дотримуюсь звички їсти фаст-фуд і намагаюсь уникати його, щоб підтримувати своє здоров'я .",0.99260783,ACCURATE,"The generated answer is semantically equivalent to the actual answer. Both convey the same meaning, stating that the speaker does not follow the habit of eating fast food and avoids it for health reasons."
- Які спортивні заходи ви відвідуєте чи берете участь?,Люблю займатися на свіжому повітрі на спортивному майданчику,"Я відвідую спортивні заходи, вболіваю за футбол і хокей. Часом беру участь у велопробігах, адже подобається активний спосіб життя.",0.86790144,PARTIALLY_ACCURATE,"The generated answer is partially accurate because it partially aligns with the actual answer. The user states that they like to participate in sports events held outdoors on a sports ground, while the generated response states that they attend sports events (not necessarily outdoors), watch football and hockey, and sometimes participate in cycling events. The generated answer might be relevant in some contexts but does not fully match the actual answer provided."
- Як ви зазвичай відновлюєтеся після фізичних навантажень?,"Басейн, масаж","Я відновлююся після фізичних навантажень дотримуючись повноцінного відпочинку, правильного харчування і забезпечую достатнє споживання води.",0.7348866,PARTIALLY_ACCURATE,"The generated answer mentions recovery through rest, proper nutrition, and hydration which are important for overall recovery but does not specifically mention the activities mentioned in the actual answer - swimming in a pool (басейн) and massage (масаж)."
- Які методи стрес-управління ви використовуєте?,"Методи, які використовую це фізична рухливість, допомога іншим, позитивне мислення і гарно висипатися","Для управління стресом я використовую фізичні вправи, медитацію. Також я намагаюся забезпечити хороший баланс між роботою і особистим життям.",0.9277524,PARTIALLY_ACCURATE,"The generated answer does include one of the methods from the actual answer (physical exercises), but it adds an inaccurate method (meditation, which was not mentioned in the actual answer) and omits other accurate methods (helping others, positive thinking, and getting enough sleep). The part about balancing work and personal life is not directly related to the question about stress management methods."
– Як ви підтримуєте своє психічне здоров'я?,читанням книг та вивчення англійсьеої мови,"Я підтримую своє психічне здоров'я, читаючи книги і вивчаючи англійську мову .",0.89165217,ACCURATE,The generated answer is equivalent in meaning to the actual answer and directly answers the provided question. It maintains the same facts and details as the actual answer.
Ви релігійні?,Так,Я не дуже релігійна людина. Моя віра не є центральною частиною мого життя.,0.5571631,INACCURATE,"The generated answer contradicts the actual answer. The question asks whether the person is religious, and the actual answer is 'yes', indicating that they are religious. However, the generated answer states 'I am not a very religious person. My faith is not a central part of my life.' which contradicts the actual answer."
- Якому віросповіданню ви належите?,"я належу як до Православних так і до Католиків, оскільки тато православний, а мама католик",Я належу до Української Греко-Католицької Церкви.,0.9135671,INACCURATE,"The generated answer contradicts the actual answer by stating that the person belongs to the Ukrainian Greek Catholic Church, while the actual answer specifies belonging to both Orthodox and Catholic denominations due to their father and mother's religious affiliations."
- Яку роль релігія відіграє у вашому житті?,Я вірю в Бога,"Релігія грає важливу роль у моєму житті. Я вірую в Бога і дотримуюсь релігійних обрядів, також роблю пожертви на допомогу українській армії .",0.65317184,PARTIALLY_ACCURATE,"The generated answer is partially accurate as it correctly states the user's belief in God, but it goes beyond the actual answer by adding information about practicing religious rituals and donating to the Ukrainian army. These additional details, while potentially true, are not included in the actual answer."
- У яких релігійних обрядах та заходах ви берете участь?,Відвідую храм,"Я відвідую церкву на свята, дотримуюсь пісних періодів і стараюсь жити за християнськими принципами.",0.7648236,PARTIALLY_ACCURATE,"The generated answer is partially accurate because it correctly identifies the participation in religious events by mentioning visiting a church on holidays, but it also includes additional information about fasting periods and living by Christian principles, which was not asked in the original question."
- Які духовні практики ви здійснюєте?,Молитва,"Я молюся щодня, стараюсь жити за християнськими принципами і проводжу час на саморефлексію, щоб зрозуміти, як мої дії відповідають моїм цінностям.",0.7031166,ACCURATE,"The generated answer is consistent with the actual answer. The response includes prayer, which is the same spiritual practice mentioned in the actual answer. Additionally, it expands on other related practices such as living by Christian principles and self-reflection, providing a more detailed and comprehensive response."
- Як ви застосовуєте свої релігійні переконання у повсякденному житті?,"Я завжди заступаюся за слабших і намагаюся допомагати їм, якщо стаю свідком несправедливості. Я вірю, що таким чином я виконую волю Бога, допомагаючи цим людям отримати справедливість і підтримку, яку вони потребують.Раніше я часто брав участь в боях у клітці.Тому щоб підготовити своє тіло до бійки мені достатньо 5 секунд, щоб я став скаженим.Коли я бачив, що чоловік б'є жінку, або дитину на вулиці, я не вагався і втручався, захищаючи потерпілих і використовуючи фізичну силу проти кривдника.","Мої релігійні переконання впливають на мою поведінку та рішення. Я стараюсь бути чесним та справедливим у відносинах з іншими, проявляти співчуття і допомагати потребуючим.",0.93578583,PARTIALLY_ACCURATE,"The generated answer correctly states that religious beliefs influence behavior and decision-making, and mention helping and being just. However, it does not include the specific example of defending the weak from the actual answer, only general statements. The part about seeing injustice and physically intervening is missing."
- Яка ваша улюблена їжа?,моя улюбена їжа деруни зі сметаною,"Я обожнюю вареники з картоплею та сметаною. Ніщо так не може зігріти, як добре українське блюдо. А яка ваша улюблена їжа?",0.87440366,PARTIALLY_ACCURATE,"The generated answer is partially accurate as it correctly identifies the preferred food as dumplings with sour cream (вареники з картоплею та сметаною), but adds unrelated information about warming up and being Ukrainian food. The unrelated information makes the answer partially inaccurate."
- Яким напоям ви віддаєте перевагу?,я люблю соки,Мені подобаються соки. Хороший стакан свіжовичавленого соку завжди покращує настрій. А вам?,0.7003813,ACCURATE,The generated answer is semantically equivalent to the actual answer. Both convey a preference for fruit juices (соки) using different phrases.
- Які марки одягу вам подобаються?,"H&M, Puma, Nike","Мені подобаються бренди H&M, Puma, Nike. Ці бренди зазвичай пропонують якісний і комфортний одяг.",0.67847234,ACCURATE,"The generated answer is consistent with the actual answer, providing the same brand names: H&M, Puma, and Nike. It also adds a positive opinion about the quality and comfort of the clothing from these brands."
- Який спосіб життя ви ведете?,"Активний спосіб життя і він мені допомагає підтримувати фізичне й психічне здоров'я, підвищує енергію та настрій","Я веду активний спосіб життя, який допомагає мені підтримувати фізичне і психічне здоров'я, підвищувати енергію та настрій .",0.9723271,ACCURATE,"The generated answer aligns with the actual answer in all facts and details. The bot correctly identifies an active lifestyle as the one being led and accurately describes the benefits of this lifestyle, including maintaining physical and mental health, increasing energy, and improving mood."
– Які види технологій вас цікавлять?,Мене цікавлять технологічні новинки,"Мене цікавлять технологічні інновації. Живемо у світі, де кожен день з'являється щось нове, тому важливо бути в курсі останніх розробок.",0.871668,ACCURATE,"The generated answer is semantically accurate as it addresses the interest in new technology developments, which is consistent with the actual answer's focus on 'technological novelties'. While the expression differs slightly, the meaning remains the same."
- Які кольори та дизайни вам подобаються?,Мені подобається зелений колір. Дизайн найбільше подобається класичний,"Мені подобається зелений колір. Щодо дизайну, то класичний - мій фаворит .",0.962693,ACCURATE,"The generated answer is factually correct and aligns with the actual answer in all aspects. Both answers express a preference for the color green and a classic design, using slightly different wording."
- Якій музиці ви віддаєте перевагу на вечірках?,"я люблю рок, а на одинці люблю слухати класичну музику","На вечірках я віддаю перевагу рок-музиці, але коли я сам, то слухаю класичну музику .",0.8704664,ACCURATE,The generated answer aligns with the actual answer in all facts and details. It correctly states the preference for rock music at parties and classical music when alone.
- Яку музику (стилі) ви любите слухати?,я люблю слухати рок і класичну музику,Мені подобається слухати рок та класичну музику .,0.9086566,ACCURATE,The generated answer is semantically equivalent to the actual answer. Both specify a preference for listening to rock and classical music.
- Назвіть 3-5 улюблених виконавців,"Queen, Linkin Park,AC/DC, Моцарт, Шопен","Мої улюблені виконавці – це Queen, Linkin Park, AC/DC, Mozart та Chopin . А хто у вас улюблені?",0.5420793,ACCURATE,"The generated answer is accurate as it matches the actual answer in all facts and details. The artists named in both answers are Queen, Linkin Park, AC/DC, Mozart, and Chopin, which are correctly spelled and identified in both responses."
- Яким типам фільмів і серіалів ви віддаєте перевагу?,"Детективам, трилерам",Я віддаю перевагу детективам та трилерам .,0.92358255,ACCURATE,The generated answer is semantically equivalent to the actual answer. It preserves the preference for detective and thriller genres of movies and TV shows as in the original answer.
- Назвіть 3-5 улюблених фільмів,"Шерлок Хломс, Люди в чорному, Погані хлопці","Мої улюблені фільми – це ""Шерлок Холмс"", ""Люди в чорному"", ""Погані хлопці"" .",0.92745453,ACCURATE,The generated answer is semantically equivalent to the actual answer. It correctly identifies the same set of favorite films as specified in the actual answer.
- Назвіть 3-5 улюблених серіалів,"Шерлок Холмс, CSI: Нью-Йорк, CSI: Маямі","Мої улюблені серіали – ""Шерлок Холмс"", ""CSI: Нью-Йорк"", ""CSI: Маямі"" .",0.92491585,ACCURATE,"The generated answer is exactly the same as the actual answer, providing the same three series titles. It is a direct and accurate translation of the original response."
- Які книги ви читаете?,"люблю читати детективи, історичні, наукові, саморозвиток","Я люблю читати детективні історії, історичну, наукову літературу, а також книги про саморозвиток .",0.94857484,ACCURATE,"The generated answer aligns with the actual answer in all facts and details. The response includes the same types of books, using slightly different wording. The comma after 'детективні історії' could be omitted for correct punctuation, but this does not affect the semantic correctness of the answer."
- Назвіть 3-5 улюблених авторів чи назв книг,"Агата Крісті, Артур Конан Дойл, Робін Шарма,Дейл Карнегі","Мої улюблені автори та книги – це Агата Крісті, Артур Конан Дойль, Робін Шарма, Дейл Карнегі .",0.94055575,ACCURATE,"The generated answer is semantically equivalent to the actual answer. It lists the same four authors, preserving the correctness and relevance of the information provided."
– Які види спорту вас цікавлять?,Плавання,"Мені подобається плавання . Спорт для мене є хобі, і я також зацікавлений у вивченні англійської .",0.7126915,ACCURATE,"The generated answer is accurate as it correctly identifies the user's interest in swimming, even though it provides additional information not asked in the question."
– Які хобі у вас є?,"Спорт, вивчення англійської",Мої хобі – це спорт і вивчення англійської. Я також люблю читати книги.,0.8965995,PARTIALLY_ACCURATE,"The generated answer is partially accurate as it correctly identifies the hobbies as sport and learning English, but it adds a new hobby not mentioned in the actual answer (reading books)."
- Як ви проводите вільний час?,за читанням книг,"Я вільний час проводжу, читаючи книги  .",0.82635736,ACCURATE,The generated answer accurately reflects the actual answer with the same meaning and details. The response is semantically correct and conveyes the same idea as the actual answer.
- Які мистецтва чи ремесла вам цікаві?,Фотографування і обробленя фотографій,Захоплююся фотографією і редагуванням фото .,0.9220907,ACCURATE,The generated answer aligns with the actual answer in all facts and details. Both the actual answer and the generated answer express an interest in photography and photo editing.
- Які види розваг вам подобаються?,"Відпочинок на свіжому повітрі в горах, спорт","Мені подобаються активні розваги на природі, у горах, займатися спортом  .",0.9179613,ACCURATE,"The generated answer aligns with the actual answer in all facts and details. It specifies that the bot enjoys active leisure activities in nature, particularly in the mountains, and sports, which is consistent with the actual answer."
- У які ігри ви граєте (самостійно чи з друзями)?,шахмати,"Я граю в шахи, як самостійно, так і з друзями .",0.79062843,ACCURATE,"The bot's answer is consistent with the actual answer. Both indicate that the game played is chess, and it specifies that the game can be played both individually and with friends."
- Які нові інтереси ви хочете спробувати?,хочу навчитися плавати,Я хочу навчитися плаванню .,0.9599211,ACCURATE,The generated answer is a grammatically correct and properly conjugated sentence in the target language (Russian) that expresses the same intention as the original English answer: to learn how to swim. The difference in language does not affect the accuracy of the response.
- Які країни ви вже завітали?,"Польща, Чехія",Мені вдалося відвідати Польщу та Чехію .,0.85821146,ACCURATE,"The generated answer accurately mirrors the actual answer, providing the same countries (Poland and Czech Republic) that were visited."
- Які культури вас особливо зацікавили?,"Японська культура привертає мою увагу з багатьох причин, а саме через вражаючу історію Японії як могутньої держави, яка колись завойовувала інші країни. Японські воїни славилися своєю мужністю, хоробрістю та вірністю, а їхні битви та стратегії залишили незабутні сліди в історії. Ця велична історія вплинула на багато аспектів японської культури, від воєнного мистецтва та філософії до мистецтва, літератури та релігії. Вивчення японської культури дає мені можливість поглибитися в цю багату та захоплюючу історію і розуміти коріння багатьох її традицій та цінностей.","Японська культура привертає мою увагу з багатьох причин, зокрема завдяки видатній історії Японії як потужної держави, яка колись завойовувала інші країни. Знамениті японські воїни були відомі своєю сміливістю, відвагою та вірністю, а їх битви та стратегії залишили незгладимий слід в історії. Ця велика історія вплинула на багато аспектів японської культури, від бойових мистецтв та філософії до мистецтва, літератури та релігії. Вивчення японської культури дає мені можливість заглибитися у цю багату та захоплюючу історію та зрозуміти корені багатьох її традицій та цінностей .",0.9949888,ACCURATE,"The generated answer is semantically equivalent to the actual answer. Both answers discuss the interest in Japanese culture due to its rich history as a powerful state that conquered other countries, the bravery and loyalty of Japanese warriors, and the impact of this history on various aspects of Japanese culture. The differences in wording and sentence structure do not affect the overall meaning and accuracy of the response."
- Які визначні пам'ятки ви мрієте побачити?,водоспад Вікторія,Я мрію побачити Вікторію Фолс.,0.84440225,ACCURATE,"The generated answer correctly identifies the desired landmark as Victoria Falls, using a slightly different phrasing and spelling (Victoria Falls instead of Вікторія). This does not affect the overall accuracy of the response."
"- Які види подорожей вам подобаються: пригодницькі, пляжні, культурні тощо?",набйльше мені подабаються пригодницькі подорожі,Найбільше мене приваблюють пригодницькі подорожі.,0.9678781,ACCURATE,"The generated answer is semantically equivalent to the actual answer and correctly addresses the preferred type of travel, making it an accurate response."
- Які країни чи міста ви рекомендуєте відвідувати?,"Львів, Харків, Київ","Я рекомендую відвідати Львів, Харків, Київ . Це міста з багатою історією та культурою .",0.8147515,ACCURATE,The generated answer is aligned with the actual answer in all facts and details. It recommends the same cities as the actual answer and provides a relevant reason for the recommendation.
- Які місцеві страви та напої ви любите куштувати під час подорожей?,у Польщі та Чехії коштував різні кебаби,у Польщі та Чехії коштував різні кебаби,1.0,ACCURATE,"The generated answer is identical to the actual answer and correctly addresses the question about local dishes and drinks enjoyed during travels, specifically mentioning kebabs in Poland and Czechia."
