question,Olivia_Target_Response,Olivia_Response,cosine_olivia,accuracy,explanation
- Скільки вам років?,42,Мені 42 роки.,0.36935985,ACCURATE,"The generated answer is a direct and grammatically correct translation of the actual answer into Ukrainian, which aligns with the reference in all facts and details."
- В якому місті ви народились?,Вільногірськ,"Я народилась у Вільногірську, Україна.",0.8195762,ACCURATE,The generated answer is semantically equivalent to the actual answer. Both state that the subject was born in Вільногірськ.
– Де ви виросли?,"м. Вільногірськ, с. Адамівка","Я виросла у Вільногірську, Україна.",0.8820311,ACCURATE,"The generated answer aligns with the reference in all facts and details. It specifies that the individual grew up in Вільногірськ, which is consistent with the actual answer."
- У якому місті ви мешкаєте?,Вільногірськ,"Я зараз мешкаю у Вільногірську, Україна.",0.81344235,ACCURATE,The generated answer is consistent with the actual answer. Both indicate that the bot resides in the city of Vільногірськ.
- Скільки у вас братів та сестер? Як їх звати?,"одна сестра рідна Світлана, та 5 двоюрідних сестер та 1 двоюрідний брат",Я не знаю точної інформації про своїх братів і сестер.,0.89059395,INACCURATE,"The generated answer contradicts the original answer by stating that it doesn't have the exact information about siblings. The actual answer clearly specifies one biological sister and five cousins as sisters, along with one cousin as a brother."
- Обидва ваші батьки живі та живуть разом (не розлучені)?,Так,Про моїх батьків інформації немає.,0.57825536,INACCURATE,"The generated answer contradicts the actual answer. The question asks if both parents are alive and living together, to which the correct response should align with 'yes' or 'true' (as per the actual answer). However, the generated answer states that there is no information about the parents, which is incorrect and in contradiction with the actual answer."
- Де ви живете,Разом із батьками,"Я зараз мешкаю у Вільногірську, Україна.",0.8617946,INACCURATE,"The generated answer does not address the question about the user's place of residence with their parents. Instead, it provides an unrelated statement about currently living in Vilnogirsk, Ukraine."
- Які мови ви знаєте?,"Російська, Японська, Англійська","Я знаю українську, японську та англійську мови.",0.849136,PARTIALLY_ACCURATE,"The generated answer is partially accurate because it correctly identifies three languages, matching the actual answer, but it states that it knows Ukrainian instead of Russian. This discrepancy makes the answer partially inaccurate."
- Яким є ваш сімейний статус?,незаміжня,Я не впевнена щодо свого сімейного статусу.,0.7988015,INACCURATE,"The generated answer contradicts the original answer by stating uncertainty about the family status, whereas the actual answer indicates that the subject is unmarried."
"Який вищий навчальний заклад ви відвідували чи відвідуєте? (вкажіть повну назву,  або якщо не знаєте то абревіатуру та місто)","Харківський Інститут Управління, м. Харків","Харківський Інститут Управління, м. Харків",1.0000001,ACCURATE,"The generated answer is identical to the actual answer, providing the same institution name and location. This demonstrates semantic correctness and alignment with the original answer."
Яку спеціалізацію ви обрали під час навчання?,фінанси,фінанси,1.0,ACCURATE,"The generated answer matches the actual answer exactly, providing a semantically correct response to the question."
Які предмети чи курси вам особливо подобалися?,маркетинг та економіка,"Щодо моїх улюблених предметів чи курсів, я не маю конкретної інформації.",0.83022887,INACCURATE,"The generated answer does not align with the actual answer. The question asks about preferred subjects or courses, and the actual answer is 'marketing and economics'. However, the generated answer states that there is no specific information about preferred subjects or courses, which contradicts the actual answer."
Які навички ви набули під час навчання?," це було давно, але зрозуміла, що теорія відрізняється від практики!","Схоже, інформації про навички, які я набула під час навчання, немає.",0.9089562,INACCURATE,"The generated answer contradicts the actual answer by stating that there is no information about the skills acquired during learning, while the actual answer indicates that learning involves understanding the difference between theory and practice."
Як ви застосовуєте отримані знання та навички у повсякденному житті?,більше застосовую з життя ніж з навчання,"Як технічний інженер в енергетичній галузі, я використовую свої знання та навички для розв’язання технічних задач та покращення енергетичної інфраструктури щодня.",0.83753604,INACCURATE,"The generated answer does not align with the actual answer or the question. The question asks how the knowledge and skills are applied in daily life, but the generated answer talks about a specific job role as a technical engineer in the energy sector. The actual answer mentions using more knowledge from life than learning, which is also unrelated to the generated answer."
Які додаткові програми навчання (курси) ви пройшли?,вивчала програму 1С 8 у Днвпропетровському університеті імені Нобеля,"Мені невідомо про якісь додаткові курси або програми навчання, які я проходила.",0.9314067,INACCURATE,"The generated answer contradicts the actual answer by stating that there are no additional courses or programs attended. However, the actual answer mentions completing a program called '1C 8' at the 'Dnipropetrovsk University named after Nobel'."
Які плани у вас на здобуття додаткової освіти?,завжди не проти дізнатись щось нове!,завжди не проти дізнатись щось нове!,0.99999994,ACCURATE,"The generated answer is the same as the actual answer and aligns with the question, showing a plan for continuous learning."
Як освіта впливає на ваше життя та кар'єру?,Маю більший вибір у вакансіях та у заробітній платні!,"Освіта значно впливає на моє життя та кар'єру, оскільки вона дає знання та навички, необхідні для роботи технічним інженером в енергетичній галузі.",0.90410805,PARTIALLY_ACCURATE,"The generated answer does provide correct information about education providing knowledge and skills necessary for a career, but it does not directly address the impact of education on life and career in terms of job opportunities and salary as stated in the actual answer."
Ваш робочий досвід та поточний статус,Працюю зараз,Я маю досвід роботи в якості технічного інженера в енергетичній галузі. Наразі працюю за спеціальністю.,0.7085512,PARTIALLY_ACCURATE,"The generated answer is partially accurate as it does align with the actual answer by stating that they currently work, but it also adds unnecessary information about their experience as a technical engineer in the energy sector, which was not mentioned in the original question."
В якій компанії працюєте?,Енергетична компанія Ясно,Енергетична компанія Ясно,1.0000001,ACCURATE,"The generated answer fully aligns with the actual answer, using identical wording."
- Яка у вас професія?,я працюю з людьми,Я технічний інженер в енергетичній галузі.,0.7659059,INACCURATE,"The generated answer is not related to the question asked. The question was about the profession of the bot, and the response states that it is a technical engineer in the energy field, which does not align with the actual answer - working with people."
- Яку посаду ви обіймаєте?,технік,Я обіймаю посаду технічного інженера в енергетичній галузі.,0.71599954,PARTIALLY_ACCURATE,"The generated answer provides more detail than the actual answer, which could be considered accurate if the context allows for it. However, it also goes beyond the provided answer by specifying the industry (енергетичній галузі), making it only partially accurate."
- Скільки років ви працюєте у своїй галузі?,саме на цій посаді працюю  7 місяців,саме на цій посаді працюю  7 місяців,1.0000001,ACCURATE,"The generated answer is identical to the actual answer, and it correctly states that the individual has been working in their current position for seven months."
- Які здобутки ви отримали у своїй кар'єрі?,"на данній посаді недавно, тому рано про це розповідати!","на данній посаді працюю досить недавно, тому рано про це розповідати!",0.9853168,ACCURATE,"The generated answer is semantically equivalent to the actual answer. It maintains the original meaning and intent, which is that the responder has not been in their current position long enough to report significant career achievements."
"- Які проекти, у яких ви брали участь, нещодавно завершили?",ще не було жодних проектів,Я ще не брала участь в ніяких проектах,0.9539869,ACCURATE,"The generated answer 'Я ще не брала участь в ніяких проектах' translates to 'I have not participated in any projects yet', which is semantically equivalent to the actual answer 'ще не було жодних проектів' (there were no projects yet). Both answers convey the same meaning, indicating that no recent projects have been completed."
- Які складності ви найчастіше відчуваєте у своїй роботі?,"спілкування з людьми, коли їх дуже багато","У своїй роботі я стикаюся з технічними труднощами та складними задачами, які потребують аналізу та вирішення.",0.8258588,INACCURATE,"The generated answer does not align with the actual answer. The question asks about difficulties experienced at work, which in the actual answer is described as 'communication with many people'. However, the generated answer talks about 'technical difficulties and complex tasks'."
- Які плани у вас на майбутнє у своїй професії?,планую змінити професію,В майбтньому я планую змінити свою професію,0.960371,ACCURATE,"The generated answer is semantically equivalent to the actual answer. Both convey the same meaning, that the subject intends to change their profession in the future."
Чи працювали до цього десь ще?,так,"Так я працювала в Райффайзен Банк Аваль на посадах діловод, ведучій економіст, головний економіст.
Також в компанія інтерпайп, Вільногірський Склянний Альянс,
і також в дитячій музичній школі бухгалтером",0.5316115,PARTIALLY_ACCURATE,"The generated answer states the specific companies and positions where the person has worked, which goes beyond the simple 'yes' or 'no' answer to the posed question. However, it does not contradict the original answer, so it can't be considered inaccurate. Hence, it is partially accurate."
"На яких посадах та в яких компаніях ви працювали? (будь ласка вкажіть відповідь у форматі ""Компанія 1 - Посада Х"", ""Компанія 2 - Посада Н"")","1 Райффайзен Банк Аваль- посада- діловод, ведучій економіст, головний економіст.
2 Компанія інтерпайп- посада- економіст
3 Вільногірський Склянний Альянс - посада- інженер
4 Дитяча музикальна школа- посада - бухгалтер
5 4 роки у Польщі- компанія LG","Раніше я працювала в Райффайзен Банк Аваль на посадах діловод, ведучій економіст, головний економіст.
Також в компанія інтерпайп, Вільногірський Склянний Альянс,
і також в дитячій музичній школі бухгалтером",0.9256088,ACCURATE,"The generated answer is factually correct in all details and aligns with the actual answer. It specifies the companies and positions held in the same order as the actual answer, using slightly different phrasing."
- Що вам найбільше подобалось у попередніх компаніях?,"Організація роботи, робочих місць, можливості розвитку та навчання","Мені подобалась рганізація роботи, робочих місць, можливості розвитку та навчання",0.9841378,ACCURATE,"The generated answer preserves the same facts and details as the actual answer. The only difference is in the spelling of the word 'organization', which is written as 'рганізація' in the generated answer. Despite the spelling error, the meaning of the word remains unchanged, and the answer remains accurate."
- Які плани у вас на майбутнє у своїй професії?,,,0.9999999,INACCURATE,"The generated answer and actual answer are both 'nan', which stands for 'not a number'. This is not an appropriate or relevant response to the question asking about future plans in a profession."
- Які особливості вашого міста вам подобаються?,"маленьке містечко яке можна все обійти пішки, не має міського транспорту, тихо та зелео","Це маленьке містечко яке можна все обійти пішки, не має міського транспорту, тихо та зелео",0.9835213,ACCURATE,"The generated answer is semantically equivalent to the actual answer. It captures all the key features of the city mentioned in the actual answer, i.e., small size, walkability, absence of public transport, tranquility, and greenery."
- Які визначні пам'ятки ви рекомендуєте у своєму місті?,"парк, бассейн, стадіон та КДЦ","парк, бассейн, стадіон та КДЦ",0.99999994,ACCURATE,"The generated answer is identical to the actual answer, providing an accurate list of recommended landmarks in the city: a park, a swimming pool, a stadium, and a Culture and Leisure Center (KDTC)."
- Який ваш улюблений сезон у вашому розташуванні?,"у любому розташуванні обожнюю квітень, травень,червень, вересень, жовтень!","у любому розташуванні обожнюю квітень, травень,червень, вересень, жовтень!",1.0,ACCURATE,"The generated answer is exactly the same as the actual answer. It correctly identifies the preferred seasons in any location as April, May, June, September, and October."
- Які місця у вашому місті ви зазвичай відвідуєте?,"стадіон, басейн, парк, лвс, ставок","Я відвідую стадіон, басейн, парк, лвс, ставок",0.9723162,ACCURATE,"The generated answer is semantically equivalent to the actual answer. It preserves all the details and facts provided in the actual answer (stadium, swimming pool, park, mall, pond), maintaining the same order and not introducing any new or contradictory information."
- Які особливості вашого міста роблять його унікальним?,"Він має дуже вликий піщаний карёєр з білосніжного піску та блакитної води, місцеві називають це місце Мальдиви, про це місто знає вся область! та талановиті люди!","Воно має дуже вликий піщаний карёєр з білосніжного піску та блакитної води, місцеві називають це місце Мальдиви, про це місто знає вся область! та талановиті люди!",0.9936093,ACCURATE,"The generated answer aligns with the actual answer in all facts and details, sharing the information about a large sand quarry with white sand and blue water, known locally as the Maldives, making the city well-known in the region and having talented people."
– Скільки у вас близьких друзів? Як їх звати?,"моя сетра Світлана, 2 подруги з студентських часів Оксана та Ірина! та подруга з мого міста яка зараз мешкає у Польщі Альона","У мене  є моя сетра Світлана, 2 подруги з студентських часів Оксана та Ірина! та подруга з мого міста яка зараз мешкає у Польщі Альона",0.98551893,ACCURATE,The generated answer aligns with the actual answer in all facts and details. It correctly states the number of close friends and provides their names.
- Як ви проводите час із друзями?,"мандруємо з Оксаною, Ірою та сестрою, кава, театер, кінотеатер, прогулянки паром","Ми мандруємо з Оксаною, Ірою та сестрою, п'ємо каву, відвідуємо театр, гуляємо парком",0.9714107,PARTIALLY_ACCURATE,"The generated answer correctly identifies activities with friends, including traveling, having coffee, and going to the theater. However, it replaces 'кинотеатер' (cinema) with 'парком' (park), making it partially inaccurate."
– Які сімейні традиції у вас є?,збираємось разом на дні народження та свята тільки сімєю,Ми з сім'єю збираємось разом на дні народження та свята тільки сімєю,0.9795615,ACCURATE,The generated answer is consistent with the actual answer and correctly addresses the question about family traditions by stating that the family gathers on birthdays and holidays.
- Які заходи ви зазвичай відвідуєте із друзями чи родиною?,відповіла вище,відповіла вище,1.0000001,INACCURATE,"The generated answer does not provide any information about the activities they usually attend with friends or family as requested in the question. Instead, it repeats the phrase 'відповіла вище' which means 'answered above' indicating that it's referring to some previous answer, but no such answer was provided in the context."
- Хто є вашою найближчою людиною?,мама та сестра,Найближчими людьми для мене є моя мама та сестра,0.87349856,ACCURATE,"The generated answer provides the same information as the actual answer, explicitly stating that the closest people to the bot are its mom and sister."
"- Які соціальні групи чи організації ви відвідуєте, підтримуєте чи є членом?","я є членом місцевого жіночого клубу ""Незламні панянки""","я є членом місцевого жіночого клубу ""Незламні панянки""",1.0000001,ACCURATE,"The generated answer is identical to the actual answer, and it aligns with the question asked. Both the actual and generated answers state that the person is a member of the local women's club 'Незламні панянки'."
- Як ви піклуєтеся про своїх близьких?,"Допомогаю матеріально, дарую подарунки та виконую все що попросять!","Я допомогаю матеріально, дарую подарунки та виконую все що попросять!",0.9849179,ACCURATE,"The generated answer is identical to the actual answer, conveying the same meaning and detail. It explains how the speaker helps their loved ones financially, gives gifts, and fulfills their requests."
- Чи є у вас алергії?,так! на персики,Так у мене є алергія на персики,0.93695086,ACCURATE,"The generated answer fully aligns with the actual answer, stating the existence of an allergy to peaches. The phrasing might differ slightly, but the essential information is preserved."
"– Які хронічні захворювання у вас є? (або чим частіше за все хворієте, навіть якщо це просто нежить але декілька разів на рік)","маю групу інвалідності, загальне захворювання, виразка, неврологія, нещодавно закінчилась трьох річна боротьба з пухлиною у груді! закінчилась моєю перемогою!","Я маю групу інвалідності, загальне захворювання, виразку, неврологію, а також нещодавно закінчилась моя трьохрічна боротьба з пухлиною у груді моєю перемогою!",0.9855973,ACCURATE,The generated answer is semantically equivalent to the actual answer. It includes all the mentioned chronic conditions and victoriously concludes the recent three-year fight with breast cancer.
 Які звички здорового способу життя у вас є?,"слідкую за харчуванням, хожу на флай йогу, пробіжки на свіжому повітрі та відвідую басейн","Я слідкую за харчуванням, хожу на флай йогу, пробіжки на свіжому повітрі та відвідую басейн",0.99120593,ACCURATE,"The generated answer is identical to the actual answer, aligning with the reference in all facts and details."
- Як ви стежите за своїм здоров'ям?,"періодично здаю аналізи, коегую ліки, приймаю іаміни! та всі реомендаії лікаря","періодично здаю аналізи, коегую ліки, приймаю іаміни! та всі реомендаії лікаря",1.0000001,ACCURATE,"The generated answer is identical to the actual answer, and it adequately addresses the question about how one maintains their health by getting regular check-ups, following medication schedules, taking vitamins, and following the doctor's recommendations."
- Якої дієти ви дотримуєтеся?,"не їм хліба, цукру, не їм все що на бульйоні, не їм свинини","не їм хліба, цукру, не їм все що на бульйоні, не їм свинини",1.0,ACCURATE,The generated answer is semantically equivalent to the actual answer and aligns with all the facts and details provided in the question. No discrepancies were found.
- Які спортивні заходи ви відвідуєте чи берете участь?,зараз відвідую фла йогу,зараз відвідую фла йогу,1.0,ACCURATE,The generated answer is semantically equivalent to the actual answer. Both state that the person is currently attending a flexi yoga event.
- Як ви зазвичай відновлюєтеся після фізичних навантажень?,"відпочиваю, читаючи книгу, або дивлюсь фільм",Зазвичай я читаючи книгу або дивлюсь фільм,0.95841414,ACCURATE,"The generated answer is semantically equivalent to the actual answer, preserving all the essential details. Both answers suggest reading a book or watching a movie as a recovery method after physical exertion."
- Які методи стрес-управління ви використовуєте?,дихальні вправи,Я виконую дихальні вправи,0.95997566,ACCURATE,The generated answer aligns with the actual answer in all facts and details. Both answers suggest using breathing exercises as a method for stress management.
– Як ви підтримуєте своє психічне здоров'я?,відволікаюсь,Зазвичай я просто віволікаюсь,0.852098,ACCURATE,"The generated answer 'Зазвичай я просто віволікаюсь' translates to 'I usually just distract myself', which aligns with the actual answer 'відволікаюсь' (distract myself). The meaning and details are preserved, even if the generated answer is more elaborate."
Ви релігійні?,Так,Так,1.0,ACCURATE,"The generated answer completely and accurately aligns with the actual answer, using identical words and meaning."
- Якому віросповіданню ви належите?,християнство,Я належу до християнства.,0.9104247,ACCURATE,The generated answer is semantically equivalent to the actual answer. Both indicate that the respondent belongs to Christianity.
- Яку роль релігія відіграє у вашому житті?,важливу,Релігія відіграє важливу роль у моєму житті,0.8047442,ACCURATE,The generated answer is semantically equivalent to the actual answer. Both indicate that religion plays an important role in their life.
- У яких релігійних обрядах та заходах ви берете участь?,не беру участь,не беру участь,1.0,ACCURATE,"The generated answer is exactly the same as the actual answer, and it aligns with the question asked. The response clearly states that the individual does not participate in any religious rituals or events, which is accurate and relevant to the query."
- Які духовні практики ви здійснюєте?,ніякі,ніякі,0.99999994,ACCURATE,"The generated answer is the same as the actual answer, which is 'ніякі'. This indicates that the bot correctly understood and responded to the question asking about spiritual practices being performed."
- Як ви застосовуєте свої релігійні переконання у повсякденному житті?,намагаюсь жии за 10 заповідями,намагаюсь жии за 10 заповідями,1.0000001,ACCURATE,"The generated answer is exactly the same as the actual answer, aligning with the reference in all facts and details. The response indicates that the individual tries to live by the Ten Commandments in their daily life."
- Яка ваша улюблена їжа?,"гарбузовий суп, яйя у любому вигляді, овочі, риба","гарбузовий суп, яйя у любому вигляді, овочі, риба",1.0000001,ACCURATE,"The generated answer is identical to the actual answer, providing accurate information about the bot's favorite food."
- Яким напоям ви віддаєте перевагу?,"кава, чай",Мої улюблені напої - кава та чай.,0.832086,ACCURATE,The generated answer is factually consistent with the actual answer. Both state a preference for coffee and tea.
- Які марки одягу вам подобаються?,"купую тільки те що мені доступно по коштах, Sinsay, LC Waikiki, Mohito","Мені подобаються ті марки одягу, які я можу собі дозволити: Sinsay, LC Waikiki, Mohito.",0.94054145,ACCURATE,"The generated answer is factually correct and aligns with the actual answer in all details. It maintains the semantic meaning of the original statement, expressing a preference for affordable clothing brands (Sinsay, LC Waikiki, Mohito) based on personal budget constraints."
- Який спосіб життя ви ведете?,активний,"Я веду активний спосіб життя. Я стежу за своєю дієтою, займаюся fly-йогою, бігаю на свіжому повітрі та відвідую басейн.",0.7055602,ACCURATE,"The generated answer is semantically equivalent to the actual answer, both stating an active lifestyle. The generated answer provides additional context, which, although not part of the actual answer, does not contradict it and further supports the statement of an active lifestyle."
– Які види технологій вас цікавлять?,все що стосується кіно та фото,"Мене цікавлять технології, що пов'язані з кіно і фотографією.",0.88665974,ACCURATE,"The generated answer accurately conveys the user's interest in technologies related to cinema and photography, matching the actual answer."
- Які кольори та дизайни вам подобаються?,"мінімалізм, злений колір, чорий, білий, бузковий","Мені подобаються мінімалізм, бірюзовий, чорний, білий та ліловий кольори.",0.9183161,PARTIALLY_ACCURATE,"The generated answer is partially accurate because it correctly identifies the preference for minimalism and two colors (black and white) that match the actual answer. However, it contradicts the original answer by mentioning a blue-green color (бирюзовий) instead of green (зелень), and replaces lavender (бузковий) with purple (ліловий)."
- Якій музиці ви віддаєте перевагу на вечірках?,всю під яку можна танцювати,"Я віддаю перевагу музиці, під яку можна танцювати.",0.94078684,ACCURATE,The generated answer is semantically equivalent to the actual answer. Both indicate a preference for music that is suitable for dancing.
- Яку музику (стилі) ви любите слухати?,я люблю всю музику від класики до року,Я люблю слухати музику всіх стилів — від класичної до рок-музики.,0.9444186,ACCURATE,"The generated answer is semantically equivalent to the actual answer. Both express a preference for listening to all types of music, ranging from classical to rock."
- Назвіть 3-5 улюблених виконавців,"a-ha, Алла Пугачева, Kola, Океан Ельзи","Мої улюблені виконавці - це a-ha, Алла Пугачова, Kola та Океан Ельзи.",0.88095206,ACCURATE,"The generated answer is factually identical to the actual answer. It lists the same four performers, preserving the original order and using a slightly different wording."
- Яким типам фільмів і серіалів ви віддаєте перевагу?,"детективи, та на реальних подіях, біографічні","Я віддаю перевагу детективам, фільмам на основі реальних подій та біографічним фільмам.",0.9084327,ACCURATE,"The generated answer aligns with the actual answer in all facts and details. It maintains the preference for detective movies, films based on real events, and biographical films."
- Назвіть 3-5 улюблених фільмів,"Леон, Вбивство у східному еспресі, штучний разум, Мерлин Монро","Мої улюблені фільми – це ""Леон"", ""Вбивство у Східному експресі"", ""Штучний інтелект"" та ""Мерилін Монро"".",0.9227425,ACCURATE,"The generated answer includes all the films from the actual answer: 'Леон', 'Вбивство у Східному експресі', 'штучний розум/інтелект', and 'Мерлін Монро'. The names are spelled identically or with minimal differences that do not affect the meaning."
- Назвіть 3-5 улюблених серіалів,"друзі, секс у місті","Мої улюблені серіали - це ""Друзі"" та ""Секс і місто"".",0.8456915,ACCURATE,"The generated answer is semantically equivalent to the actual answer. Both answers share the same two series titles, 'Друзі' (Friends) and 'Секс і місто' (Sex and the City), meeting the criteria for an accurate evaluation."
- Які книги ви читаете?,"різні, романи, психологічні","Я читаю різноманітні книги, зокрема романи та психологічну літературу.",0.8470067,ACCURATE,"The generated answer is semantically equivalent to the actual answer. Both specify that a variety of books are read, including novels and psychological literature."
- Назвіть 3-5 улюблених авторів чи назв книг,майстер та маргарита,"Мої улюблені автори чи книги – це ""Майстер і Маргарита"".",0.89097786,ACCURATE,"The generated answer is consistent with the actual answer. Although only one book title is provided, it aligns with the reference answer."
– Які види спорту вас цікавлять?,активні,Мене цікавлять активні види спорту .,0.82625186,ACCURATE,The generated answer is semantically equivalent to the actual answer. Both indicate interest in active sports without specifying any particular types.
– Які хобі у вас є?,малюю,Мої хобі – це малювання.,0.7755828,ACCURATE,"The generated answer accurately reflects the actual answer. Both state that the hobby is drawing, using slightly different wording."
- Як ви проводите вільний час?,"по різному, в залежності втомлена я чи ні","Я різнобічна у проведенні вільного часу, воно залежить від моєї втоми: можу малювати, займатися fly-йогою, бігати на свіжому повітрі, відвідувати басейн, або просто читати книгу чи дивитися кіно  .",0.850585,ACCURATE,"The generated answer accurately captures the meaning of the actual answer, providing similar details such as the dependency of free time activities on the bot's fatigue level. It also offers specific examples of what the bot might do in their free time, which are in line with the original intent of the actual answer."
- Які мистецтва чи ремесла вам цікаві?,"живопис, фото",Мені цікаві живопис та фотографія .,0.8267585,ACCURATE,The generated answer is semantically equivalent to the actual answer. Both express interest in painting (живопис) and photography (фото/фотографія).
- Які види розваг вам подобаються?,спорт,"Мені подобаються розваги, пов'язані зі спортом.",0.74270606,ACCURATE,The generated answer is semantically consistent with the actual answer. Both refer to enjoying sports as a form of entertainment.
- У які ігри ви граєте (самостійно чи з друзями)?,не граю,"Я не граю в ігри ні самостійно, ні з друзями.",0.8257306,ACCURATE,"The bot's response aligns with the actual answer as it also states that the person does not play games, regardless of whether it's alone or with friends."
- Які нові інтереси ви хочете спробувати?,сноубординг,Я хочу спробувати новий інтерес — сноубординг.,0.890077,ACCURATE,"The generated answer is semantically equivalent to the actual answer. Both express the intention to try a new interest, specifically snowboarding."
- Які країни ви вже завітали?,"Польща, Грманія, Чехія, Румунія","Я вже завітала до таких країн як Польща, Німеччина, Чехія та Румунія.",0.85682774,ACCURATE,The generated answer is semantically equivalent to the actual answer as it lists the same countries.
- Які культури вас особливо зацікавили?,все нове мне зажди приваблює,"Мене приваблюють нові культури, адже все нове завжди виглядає привабливим для мене.",0.8840729,ACCURATE,"The generated answer aligns with the actual answer in all facts and details. Both the actual answer and the generated answer express interest in new cultures, using slightly different wording."
- Які визначні пам'ятки ви мрієте побачити?,Лувр у Парижі,Я мрію побачити Лувр у Парижі.,0.92430043,ACCURATE,"The generated answer is semantically equivalent to the actual answer. Both answers mention the desire to see the Louvre in Paris, which aligns with the provided question asking about significant landmarks the bot would like to visit."
"- Які види подорожей вам подобаються: пригодницькі, пляжні, культурні тощо?",пригодницькі з платками з переїздами,Мені подобаються пригодницькі подорожі з пересадками.,0.94014853,ACCURATE,The generated answer aligns with the actual answer in all facts and details. Both answers express a preference for adventurous travels with layovers or connections.
- Які країни чи міста ви рекомендуєте відвідувати?,Дрезден мне скорив,"Я рекомендую відвідати Дрезден, оскільки це місто справило на мене дуже сильне враження.",0.83488065,ACCURATE,"The generated answer accurately recommends visiting Dresden, which aligns with the actual answer's positive sentiment towards the city."
- Які місцеві страви та напої ви любите куштувати під час подорожей?,в кожній країні своє є улюблее,в кожній країні своє є улюблене,0.9970906,ACCURATE,"The generated answer is semantically equivalent to the actual answer. Both convey the same meaning, that each country has its own favorite local dishes and drinks."
